000	　	209	old=-	·總持金：·[　]　·萬。·· | 總持金：·　[　]·萬。·· | 持有金為：·[　]·萬元耶。·
001	悟	1	old=悟	[悟]庫魔駭林克凱
002	庫	1	old=庫	悟[庫]魔駭林克凱撒
003	魔	24	old=魔	悟庫[魔]駭林克凱撒皇 | 小惡[魔]卡· | 惡[魔]卡·
004	駭	1	old=駭	悟庫魔[駭]林克凱撒皇王
005	林	1	old=林	悟庫魔駭[林]克凱撒皇王安
006	克	18	old=克	悟庫魔駭林[克]凱撒皇王安迪 | 路[克]英雄· | 的，就只有路[克]英雄了！··
007	凱	1	old=凱	悟庫魔駭林克[凱]撒皇王安迪武
008	撒	6	old=撒	庫魔駭林克凱[撒]皇王安迪武威 | [撒]旦卡· | [撒]旦：·誰？·
009	皇	1	old=皇	魔駭林克凱撒[皇]王安迪武威龍
00A	王	18	old=王	駭林克凱撒皇[王]安迪武威龍神 | 惡魔之[王]！· | 片可讓本大魔[王]丟？··真是
00B	安	3	old=安	林克凱撒皇王[安]迪武威龍神明 | ：·鳴～誰能[安]慰我空虛·· | 尤莉雅：·午[安]，歡迎收看這
00C	迪	1	old=迪	克凱撒皇王安[迪]武威龍神明天
00D	武	1	old=武	凱撒皇王安迪[武]威龍神明天路
00E	威	2	old=威	撒皇王安迪武[威]龍神明天路西 | 給·什麼樣的[威]脅呢？··看
00F	龍	2	old=龍	皇王安迪武威[龍]神明天路西法 | 這個聲音…是[龍]二嗎？··
010	神	65	old=神	王安迪武威龍[神]明天路西法宙 | [神]偷卡· | 福[神]卡·
011	明	7	old=明	安迪武威龍神[明]天路西法宙斯 | ·出現了不[明]的飛行物！· | 您做外星人不[明]蛋體的後續報
012	天	18	old=天	迪武威龍神明[天]路西法宙斯海 | [天]—啊—·看來 | 從[天]空掉下了滿地
013	路	17	old=路	武威龍神明天[路]西法宙斯海帝 | [路]克英雄· | 機的，就只有[路]克英雄了！·
014	西	10	old=西	威龍神明天路[西]法宙斯海帝洛 | 出很可怕的東[西]？· | 人呀，這個東[西]就給你吧！·
015	法	18	old=法	龍神明天路西[法]宙斯海帝洛泰 | 時間內，將無[法]動彈。· | 在時間內，無[法]使用卡片。·
016	宙	1	old=宙	神明天路西法[宙]斯海帝洛泰旦
017	斯	29	old=斯	明天路西法宙[斯]海帝洛泰旦卡 | 酷[斯]拉的唯一剋星 | 酷[斯]拉：·吼～吼
018	海	16	old=海	天路西法宙斯[海]帝洛泰旦卡童 | [海]上使用，乘座 | 潛水艇到其他[海]域。·
019	帝	3	old=帝	路西法宙斯海[帝]洛泰旦卡童空 | ！！··願上[帝]保佑，阿門。 | 上[帝]～請您原諒我
01A	洛	1	old=洛	西法宙斯海帝[洛]泰旦卡童空郎
01B	泰	1	old=泰	法宙斯海帝洛[泰]旦卡童空郎火
01C	旦	6	old=旦	宙斯海帝洛泰[旦]卡童空郎火藍 | 撒[旦]卡· | 撒[旦]：·誰？··
01D	卡	182	old=卡	斯海帝洛泰旦[卡]童空郎火藍<icon-swirl> | 無[卡]片· | 龜行[卡]·
01E	童	3	old=童	海帝洛泰旦卡[童]空郎火藍<icon-swirl><OK> | 兒[童]樂園· | 兒[童]樂園·
01F	空	13	old=空	帝洛泰旦卡童[空]郎火藍<icon-swirl><OK>姓 | 星蛋踢回外太[空]！· | 為什麼還是有[空]虛的··感覺
020	郎	55	old=郎	洛泰旦卡童空[郎]火藍<icon-swirl><OK>姓名 | 拳四[郎]：·各位好！ | 拳四[郎]：·是的！·
021	火	19	old=火	泰旦卡童空郎[火]藍<icon-swirl><OK>姓名： | [火]災卡· | ·發生[火]災了！··
022	藍	1	old=藍	旦卡童空郎火[藍]<icon-swirl><OK>姓名：·
023	<icon-swirl>	1	old=O	卡童空郎火藍[<icon-swirl>]<OK>姓名：·
024	<OK>	1	old=I	童空郎火藍<icon-swirl>[<OK>]姓名：·
025	姓	2	old=姓	空郎火藍<icon-swirl><OK>[姓]名：· | 連名帶[姓]叫俺，就讓你
026	名	11	old=名	郎火藍<icon-swirl><OK>姓[名]：· | ·的口袋莫[名]奇妙的裝滿了 | [名]產店·
027	：	253	old=：	火藍<icon-swirl><OK>姓名[：]· | 屁仙人[：]·哎唷～哎唷 | 屁仙人[：]·這樣子好多
028	琳	1	old=琳	[琳]筱攸娜子舞芳
029	筱	1	old=筱	琳[筱]攸娜子舞芳櫻
02A	攸	1	old=攸	琳筱[攸]娜子舞芳櫻瑪
02B	娜	18	old=娜	琳筱攸[娜]子舞芳櫻瑪莉 | 股市小姐～·[娜]娜。··Oh | 市小姐～·娜[娜]。··Oh～
02C	子	57	old=子	琳筱攸娜[子]舞芳櫻瑪莉達 | 敗家[子]卡· | 別人成為敗家[子]，奢侈的花錢
02D	舞	3	old=舞	琳筱攸娜子[舞]芳櫻瑪莉達艾 | ·就是『開‧[舞]‧會』！·· | 件令人歡欣鼓[舞]的事情。··
02E	芳	2	old=芳	琳筱攸娜子舞[芳]櫻瑪莉達艾玉 | 瑞[芳]·
02F	櫻	1	old=櫻	筱攸娜子舞芳[櫻]瑪莉達艾玉丹
030	瑪	2	old=瑪	攸娜子舞芳櫻[瑪]莉達艾玉丹虹 | 啊達[瑪]依達伊～··
031	莉	64	old=莉	娜子舞芳櫻瑪[莉]達艾玉丹虹燕 | 尤[莉]雅：·是的， | 尤[莉]雅：·各位好
032	達	17	old=達	子舞芳櫻瑪莉[達]艾玉丹虹燕牡 | 只··要先到[達]·的人··， | ！··首先到[達]·的玩家，會
033	艾	1	old=艾	舞芳櫻瑪莉達[艾]玉丹虹燕牡琪
034	玉	2	old=玉	芳櫻瑪莉達艾[玉]丹虹燕牡琪玫 | [玉]山·
035	丹	1	old=丹	櫻瑪莉達艾玉[丹]虹燕牡琪玫娟
036	虹	1	old=虹	瑪莉達艾玉丹[虹]燕牡琪玫娟麗
037	燕	1	old=燕	莉達艾玉丹虹[燕]牡琪玫娟麗靜
038	牡	1	old=牡	達艾玉丹虹燕[牡]琪玫娟麗靜怡
039	琪	1	old=琪	艾玉丹虹燕牡[琪]玫娟麗靜怡薇
03A	玫	1	old=玫	玉丹虹燕牡琪[玫]娟麗靜怡薇香
03B	娟	1	old=娟	丹虹燕牡琪玫[娟]麗靜怡薇香澄
03C	麗	11	old=麗	虹燕牡琪玫娟[麗]靜怡薇香澄瑰 | ··在此，美[麗]的主播獻·· | ，紛紛開出亮[麗]的紅盤！··
03D	靜	1	old=靜	燕牡琪玫娟麗[靜]怡薇香澄瑰惠
03E	怡	1	old=怡	牡琪玫娟麗靜[怡]薇香澄瑰惠茵
03F	薇	1	old=薇	琪玫娟麗靜怡[薇]香澄瑰惠茵茜
040	香	4	old=香	玫娟麗靜怡薇[香]澄瑰惠茵茜霞 | ～··國色天[香]的尤莉雅提· | [香]菇廠·
041	澄	1	old=澄	娟麗靜怡薇香[澄]瑰惠茵茜霞珮
042	瑰	1	old=瑰	麗靜怡薇香澄[瑰]惠茵茜霞珮欣
043	惠	1	old=惠	靜怡薇香澄瑰[惠]茵茜霞珮欣如
044	茵	1	old=茵	怡薇香澄瑰惠[茵]茜霞珮欣如·
045	茜	1	old=茜	薇香澄瑰惠茵[茜]霞珮欣如·
046	霞	1	old=霞	香澄瑰惠茵茜[霞]珮欣如·
047	珮	1	old=珮	澄瑰惠茵茜霞[珮]欣如·
048	欣	4	old=欣	瑰惠茵茜霞珮[欣]如· | ··，供大家[欣]賞。···· | 界的人都還沒[欣]賞夠你的美·
049	如	5	old=如	惠茵茜霞珮欣[如]· | 殘後··，宛[如]一座死城。· | ··怎麼看來[如]此傷心的樣子
04A	無	27	old=無	[無]卡片· | 在時間內，將[無]法動彈。· | 者在時間內，[無]法使用卡片。
04B	片	50	old=片	無卡[片]· | 沒有卡[片]喔。· | 搶奪別人的卡[片]。·
04C	龜	4	old=龜	[龜]行卡· | ·變成烏[龜]了！·· | 部人都變成烏[龜]了！··
04D	行	33	old=行	龜[行]卡· | 可強[行]購買別人的產 | 強[行]改變終點。·
04E	屁	5	old=屁	[屁]仙人卡· | 跟[屁]蟲卡· | [屁]仙人：·哎唷
04F	仙	12	old=仙	屁[仙]人卡· | 可召喚散財[仙]女。· | 屁[仙]人：·哎唷～
050	人	165	old=人	屁仙[人]卡· | VF超[人]卡· | VF鐵[人]Z·
051	集	7	old=集	[集]結卡· | 將所有的人[集]合在自己附近 | [集]合了！·所有
052	結	3	old=結	集[結]卡· | ·依本中心查[結]果，給予申請 | 在每年2月底[結]算時，獲得回
053	冬	3	old=冬	[冬]眠卡· | ·的[冬]眠卡，使得所 | ··在寒冷的[冬]天，·傳出了
054	眠	3	old=眠	冬[眠]卡· | 將所有的人催[眠]。· | ·的冬[眠]卡，使得所有
055	轉	10	old=轉	[轉]嫁卡· | 大逆[轉]卡· | 將窮神[轉]移給其他人。
056	嫁	2	old=嫁	轉[嫁]卡· | ··播還沒出[嫁]前，怎麼··
057	搶	4	old=搶	[搶]劫卡· | [搶]奪別人的卡片 | ·[搶]到了·。··
058	劫	1	old=劫	搶[劫]卡·
059	偷	15	old=偷	神[偷]卡· | 小[偷]卡· | [偷]取別人50%
05A	老	22	old=老	[老]頭卡· | [老]頭：·哎喲～ | [老]頭：·謝謝你
05B	頭	14	old=頭	老[頭]卡· | 老[頭]：·哎喲～你 | 老[頭]：·謝謝你，
05C	封	5	old=封	[封]印卡· | 的卡片暫時被[封]印了！·· | 想[封]印我的卡片，
05D	印	5	old=印	封[印]卡· | 卡片暫時被封[印]了！·· | 想封[印]我的卡片，還
05E	醜	5	old=醜	[醜]聞卡· | 散播他人的[醜]聞……· | 決定平息這場[醜]聞風波。··
05F	聞	35	old=聞	醜[聞]卡· | 散播他人的醜[聞]……· | 定平息這場醜[聞]風波。··一
060	蜜	2	old=蜜	[蜜]月卡· | 其他人一起渡[蜜]月？·
061	月	5	old=月	蜜[月]卡· | 他人一起渡蜜[月]？· | 休息三個[月]後前進二十步
062	恐	10	old=愁	[恐]怖卡· | [恐]慌卡· | ·使用了[恐]慌卡。··發
063	怖	3	old=怖	恐[怖]卡· | 家播報一起恐[怖]事件！··· | ·這真是個恐[怖]的事情！··
064	強	8	old=強	[強]迫卡· | [強]迫別人使用某 | 可[強]行購買別人的
065	迫	2	old=迫	強[迫]卡· | 強[迫]別人使用某張
066	地	88	old=地	[地]雷卡· | [地]震卡· | 在原[地]埋設地雷。·
067	雷	4	old=雷	地[雷]卡· | 在原地埋設地[雷]。· | ··埋下了地[雷]！··參賽者
068	大	76	old=大	[大]災難卡· | [大]逆轉卡· | 會引起可怕的[大]災難！·
069	災	16	old=災	大[災]難卡· | 火[災]卡· | 引起可怕的大[災]難！·
06A	難	12	old=難	大災[難]卡· | 起可怕的大災[難]！· | ··造成了·[難]一得的奇景！
06B	震	8	old=褒	地[震]卡· | ～·發生大地[震]了！·· | 地…地[震]了！·發生了
06C	小	54	old=小	[小]偷卡· | [小]惡魔卡· | 害者都會遇上[小]偷。·
06D	敗	19	old=敗	[敗]家子卡· | 使別人成為[敗]家子，奢侈的 | 直奔終點，失[敗]後會有壞事發
06E	家	39	old=家	敗[家]子卡· | 吹跑其他玩[家]。· | 使別人成為敗[家]子，奢侈的花
06F	一	128	old=一	[一]進卡· | 搏[一]搏卡· | 在時間只能走[一]步。·
070	進	31	old=進	一[進]卡· | 二[進]卡· | 三[進]卡·
071	二	10	old=二	[二]進卡· | 前進[二]步。· | 車前進，可丟[二]個骰子。·
072	三	9	old=三	[三]進卡· | 前進[三]步。· | 機前進，可丟[三]個骰子。·
073	四	57	old=四	[四]進卡· | 前進[四]步。· | 拳[四]郎：·各位好
074	五	2	old=五	[五]進卡· | 前進[五]步。·
075	六	3	old=六	[六]進卡· | 前進[六]步。· | 斗[六]·
076	汽	4	old=汽	[汽]車卡· | 乘座[汽]車前進，可丟 | [汽]車工廠·
077	車	9	old=車	汽[車]卡· | 戰[車]卡· | 乘座汽[車]前進，可丟二
078	飛	6	old=飛	[飛]機卡· | 乘座[飛]機前進，可丟 | 啊！·[飛]走了！··
079	機	16	old=機	飛[機]卡· | 乘座飛[機]前進，可丟三 | 由VF專[機]接送到北部地
07A	衛	5	old=衛	[衛]刺卡· | ·做了[衛]刺前的休息… | 量全開，開始[衛]刺！··
07B	刺	4	old=瞬	衛[刺]卡· | ·做了衛[刺]前的休息…· | 全開，開始衛[刺]！··
07C	瞬	4	old=瞬	[瞬]間移動· | [瞬]間移到到某處 | [瞬]間移動到賺錢
07D	間	24	old=間	瞬[間]移動· | 受害者在時[間]只能走一步。 | 受害者在時[間]內，將無法動
07E	移	6	old=移	瞬間[移]動· | 將窮神轉[移]給其他人。· | 瞬間[移]到到某處。·
07F	動	29	old=動	瞬間移[動]· | 間內，將無法[動]彈。· | 瞬間移[動]到賺錢點。·
080	跳	2	old=跳	[跳]金卡· | 、噗··通的[跳]唷～···
081	金	99	old=金	跳[金]卡· | [金]卡· | 人50%的現[金]。·
082	北	4	old=北	[北]部卡· | VF專機接送到[北]部地區。· | 要跑回遙遠的[北]方，腳就軟了
083	部	13	old=部	北[部]卡· | 中[部]卡· | 南[部]卡·
084	中	31	old=中	[中]部卡· | VF專機接送到[中]部地區。· | 市專車到股市[中]心。·
085	南	5	old=南	[南]部卡· | VF專機接送到[南]部地區。· | 按鈕決定吧，[南]無阿彌陀佛…
086	東	11	old=東	[東]部卡· | 喚出很可怕的[東]西？· | VF專機接送到[東]部地點。·
087	戰	3	old=戰	[戰]車卡· | 乘座[戰]車而丟二個骰 | —！！··挑[戰]成功了。··
088	潛	2	old=潛	[潛]水艇卡· | 上使用，乘座[潛]水艇到其他海
089	水	30	old=水	潛[水]艇卡· | 使用，乘座潛[水]艇到其他海域 | [水]田·
08A	艇	2	old=艇	潛水[艇]卡· | 用，乘座潛水[艇]到其他海域。
08B	搏	4	old=搏	[搏]一搏卡· | 搏一[搏]卡· | ···使用了[搏]一搏··卡。
08C	跟	3	old=跟	[跟]屁蟲卡· | 聊喲！··再[跟]著你實在是太 | ·……要[跟]父親大人說啦
08D	蟲	1	old=晶	跟屁[蟲]卡·
08E	股	14	old=股	[股]市卡· | 乘座[股]市專車到股市 | 座股市專車到[股]市中心。·
08F	市	20	old=市	股[市]卡· | 乘座股[市]專車到股市中 | 股市專車到股[市]中心。·
090	買	20	old=買	[買]賣卡· | 可用75折[買]下一件產物或 | 可用5折[買]下一件產物或
091	賣	21	old=賣	買[賣]卡· | 防止產業被變[賣]或吃掉。· | ，可以不用變[賣]產業。·
092	交	5	old=交	[交]換卡· | 和別人[交]換位置。· | ·與·的位置[交]換了！··
093	換	4	old=換	交[換]卡· | 和別人交[換]位置。· | 與·的位置交[換]了！··
094	長	12	old=長	[長]紅卡· | [長]黑卡· | 機[長]：··招待您
095	紅	5	old=紅	長[紅]卡· | ·使用了長[紅]卡。··股市 | 紛開出亮麗的[紅]盤！··
096	黑	3	old=黑	長[黑]卡· | ·使用了長[黑]卡。··股市 | [黑]白的世界…好
097	通	9	old=通	[通]貨膨脹· | ·使用了[通]貨膨脹卡。· | 在各地引起了[通]貨膨脹的效應
098	貨	8	old=貨	通[貨]膨脹· | ·使用了通[貨]膨脹卡。·· | 各地引起了通[貨]膨脹的效應…
099	膨	6	old=膨	通貨[膨]脹· | ·使用了通貨[膨]脹卡。··在 | 地引起了通貨[膨]脹的效應…·
09A	脹	7	old=脹	通貨膨[脹]· | ··肚子有點[脹]～·· | 使用了通貨膨[脹]卡。··在各
09B	發	52	old=發	[發]財卡· | 敗後會有壞事[發]生。· | [發]揮偏財運而獲
09C	財	37	old=財	發[財]卡· | [財]神卡· | 散[財]卡·
09D	慌	5	old=慌	恐[慌]卡· | ·使用了恐[慌]卡。··發生 | 所未見的大恐[慌]了…··
09E	銀	1	old=銀	[銀]卡·
09F	鑽	2	old=鑽	[鑽]石卡· | 敗家子：·在[鑽]石游泳池裡游
0A0	石	5	old=石	鑽[石]卡· | 家子：·在鑽[石]游泳池裡游泳 | 大理[石]廠·
0A1	增	9	old=增	[增]資卡· | [增]值卡· | 可免費[增]資一件產物或
0A2	資	25	old=資	增[資]卡· | 可免費增[資]一件產物或土 | ·的投[資]幸運的加倍了
0A3	鴨	3	old=鴨	[鴨]霸卡· | ·…··被·[鴨]霸的買走了！ | ·…··被·[鴨]霸的買走了！
0A4	霸	3	old=霸	鴨[霸]卡· | …··被·鴨[霸]的買走了！· | …··被·鴨[霸]的買走了！·
0A5	保	16	old=保	[保]險卡· | [保]護卡· | ！··願上帝[保]佑，阿門。·
0A6	險	13	old=險	保[險]卡· | ，真是··危[險]！··不幹了 | 真是好[險]呀！··
0A7	節	15	old=節	[節]源卡· | 位收看這··[節]的VF新聞。· | ·萬！··但[節]源卡的作用，
0A8	源	6	old=源	節[源]卡· | 萬！··但節[源]卡的作用，只 | 萬。··節[源]卡發揮了功效
0A9	特	7	old=特	[特]赦卡· | 啊～您使用了[特]赦卡？··請 | ·，您使用了[特]赦卡。··依
0AA	赦	4	old=赦	特[赦]卡· | ～您使用了特[赦]卡？··請稍 | ，您使用了特[赦]卡。··依本
0AB	惡	23	old=惡	小[惡]魔卡· | [惡]魔卡· | 搗蛋的小[惡]魔！·
0AC	鬼	13	old=鬼	餓[鬼]卡· | ·被餓[鬼]趕走了。·· | 餓[鬼]：·肚子好餓
0AD	福	19	old=福	[福]神卡· | 幸[福]的福神。· | 幸福的[福]神。·
0AE	生	38	old=生	[生]日卡· | 後會有壞事發[生]。· | 可收到別人的[生]日賀禮。·
0AF	日	13	old=日	生[日]卡· | 收到別人的生[日]賀禮。· | 是的！··近[日]各界所引發的
0B0	賭	6	old=賭	[賭]博卡· | 所有人一起[賭]博！· | 所有人都過來[賭]博了！··
0B1	博	4	old=博	賭[博]卡· | 所有人一起賭[博]！· | 有人都過來賭[博]了！··
0B2	散	8	old=散	[散]財卡· | [散]播他人的醜聞 | 可召喚[散]財仙女。·
0B3	運	30	old=運	財[運]卡· | 幸[運]的財神。· | 發揮偏財[運]而獲得獎金。
0B4	聖	3	old=聖	[聖]誕卡· | ·使用了[聖]誕卡！··叮 | 多響亮～··[聖]誕老公公帶著
0B5	誕	3	old=誕	聖[誕]卡· | ·使用了聖[誕]卡！··叮叮 | 響亮～··聖[誕]老公公帶著禮
0B6	寶	14	old=寶	[寶]藏卡· | 找到[寶]藏的藏匿處。 | ·使用了[寶]藏卡！··VF
0B7	藏	18	old=藏	寶[藏]卡· | 找到寶[藏]的藏匿處。· | 找到寶藏的[藏]匿處。·
0B8	防	12	old=防	[防]盜卡· | [防]禦卡· | [防]止自己的現金
0B9	盜	6	old=盜	防[盜]卡· | 自己的現金被[盜]取。· | ··真是令怪[盜]老大我生氣！
0BA	VF	85	old=VF	[VF]超人卡· | [VF]鐵人Z· | 由[VF]專機接送到北
0BB	超	30	old=超	VF[超]人卡· | [超]級大窮神的宿 | 地建設方面，[超]過二··樓的
0BC	英	12	old=英	路克[英]雄· | ，就只有路克[英]雄了！··路 | 了！··路克[英]雄～·你在哪
0BD	雄	13	old=雄	路克英[雄]· | 高[雄]· | 就只有路克英[雄]了！··路克
0BE	鐵	15	old=鐵	VF[鐵]人Z· | [鐵]工廠· | [鐵]板燒·
0BF	Z	11	old=Z	VF鐵人[Z]· | ～··VF鐵人[Z]，全看你的了 | ！··VF鐵人[Z]：·納命來吧
0C0	反	3	old=反	[反]彈卡· | 害時，有時可[反]彈回去。· | ·被[反]制無法行動。
0C1	彈	3	old=彈	反[彈]卡· | 內，將無法動[彈]。· | 時，有時可反[彈]回去。·
0C2	禦	3	old=禦	防[禦]卡· | ·的防[禦]卡發生效用。 | ··對方的防[禦]卡使我無··
0C3	臉	2	old=贓	[臉]盆卡· | 丟吾於黃泉之[臉]…··讓吾助
0C4	盆	1	old=盜	臉[盆]卡·
0C5	驅	2	old=驅	[驅]魔卡· | 所中的詛咒被[驅]散了！··
0C6	護	7	old=護	保[護]卡· | 。··讓我守[護]你吧！·· | 你們～··守[護]著·吧！··
0C7	賴	1	old=賴	[賴]帳卡·
0C8	帳	1	old=帳	賴[帳]卡·
0C9	不	134	old=不	[不]思議卡· | 丟二個骰子，[不]易損壞。· | 當現金[不]足時，可以不
0CA	思	6	old=思	不[思]議卡· | ·真是不好意[思]。·· | 。俺會不好意[思]咧！··
0CB	議	1	old=議	不思[議]卡·
0CC	偽	5	old=偽	[偽]造卡· | 可[偽]造現有的卡片 | 要[偽]造哪一張卡片
0CD	造	8	old=造	偽[造]卡· | 可偽[造]現有的卡片。 | 害消息。··[造]成了·難一得
0CE	值	4	old=值	增[值]卡· | 這張卡片價[值]：· | 已持有最大[值]了喲～··
0CF	逆	6	old=逆	大[逆]轉卡· | 許可以來個大[逆]轉喲！· | 大[逆]轉～大逆轉～
0D0	改	4	old=改	[改]變卡· | 強行[改]變終點。· | 片後，任性的[改]變了目的地·
0D1	變	30	old=變	改[變]卡· | ，所有罰錢點[變]成賺錢點。· | ，所有賺錢點[變]成罰錢點。·
0D2	均	2	old=均	[均]富卡· | 全體玩家現金[均]分。·
0D3	富	8	old=富	均[富]卡· | 家，會有筆豐[富]的賞··金哦 | ·變成大[富]翁了！··
0D4	沒	35	old=沒	[沒]有卡片喔。· | ··一定是還[沒]有花夠吧·· | ～··怎麼都[沒]有人呢？··
0D5	有	117	old=有	沒[有]卡片喔。· | 將所[有]的人集合在自 | 自己外，將所[有]的人催眠。·
0D6	喔	23	old=喔	沒有卡片[喔]。· | 老頭：·[喔]喲～喔喲～· | 頭：·喔喲～[喔]喲～··我的
0D7	。	470	old=。	沒有卡片喔[。]· | 間只能走一步[。]· | 吹跑其他玩家[。]·
0D8	受	13	old=受	[受]害者在時間只 | [受]害者在時間內 | [受]害者在時間內
0D9	害	27	old=害	受[害]者在時間只能 | 受[害]者在時間內， | 受[害]者在時間內，
0DA	者	16	old=者	受害[者]在時間只能走 | 受害[者]在時間內，將 | 受害[者]在時間內，無
0DB	在	87	old=在	受害者[在]時間只能走一 | 所有的人集合[在]自己附近。· | 受害者[在]時間內，將無
0DC	時	45	old=時	受害者在[時]間只能走一步 | 受害者在[時]間內，將無法 | 受害者在[時]間內，無法使
0DD	只	17	old=只	受害者在時間[只]能走一步。· | ～··看樣子[只]能吃吃魚子醬 | 感冒了…··[只]好用跑的…·
0DE	能	15	old=能	害者在時間只[能]走一步。· | [能]防止別人的陷 | ·不行，我不[能]睡著！··
0DF	走	22	old=走	者在時間只能[走]一步。· | 我決定離開出[走]了！··不要 | 爺爺喝杯茶再[走]吧··！··
100	步	12	old=步	時間只能走一[步]。· | 前進一[步]。· | 前進二[步]。·
101	吹	7	old=吹	[吹]跑其他玩家。 | ·被[吹]跑了！·· | ·快…·快被[吹]走了…··
102	跑	10	old=跑	吹[跑]其他玩家。· | ·被吹[跑]了！·· | ·害怕的[跑]走了！··
103	其	8	old=給	吹跑[其]他玩家。· | 將窮神轉移給[其]他人。· | 和[其]他人一起渡蜜
104	他	16	old=他	吹跑其[他]玩家。· | 窮神轉移給其[他]人。· | 散播[他]人的醜聞……
105	玩	8	old=玩	吹跑其他[玩]家。· | 全體[玩]家現金均分。 | 不要再開這種[玩]笑了··！·
106	將	19	old=將	[將]所有的人集合 | 除自己外，[將]所有的人催眠 | [將]窮神轉移給其
107	所	38	old=所	將[所]有的人集合在 | 除自己外，將[所]有的人催眠。 | 在時間內，[所]有罰錢點變成
108	的	606	old=的	將所有[的]人集合在自己 | 己外，將所有[的]人催眠。· | 搶奪別人[的]卡片。·
109	合	6	old=合	將所有的人集[合]在自己附近。 | 每回[合]會吃掉一張卡 | 集[合]了！·所有人
10A	自	13	old=自	有的人集合在[自]己附近。· | 除[自]己外，將所有 | 取消[自]己所有的負債
10B	己	8	old=己	的人集合在自[己]附近。· | 除自[己]外，將所有的 | 取消自[己]所有的負債。
10C	附	2	old=使	人集合在自己[附]近。· | 移動到別人的[附]近。·
10D	近	6	old=用	集合在自己附[近]。· | 動到別人的附[近]。· | ·是的！··[近]日各界所引發
10E	除	3	old=除	[除]自己外，將所 | 膨脹的效果解[除]了。··罰錢 | 的封印終於解[除]啦！··哈哈
10F	外	25	old=外	除自己[外]，將所有的人 | 可將[外]星蛋踢回外太 | 將外星蛋踢回[外]太空！·
110	，	278	old=，	除自己外[，]將所有的人催 | 害者在時間內[，]將無法動彈。 | 害者在時間內[，]無法使用卡片
111	催	2	old=催	，將所有的人[催]眠。· | ··被酷斯拉[催]殘後··，宛
112	窮	40	old=窮	將[窮]神轉移給其他 | 超級大[窮]神的宿敵！· | 敲昏[窮]神。·
113	給	35	old=給	將窮神轉移[給]其他人。· | 中心查結果，[給]予申請通過！ | ·[給]了···
114	奪	1	old=奪	搶[奪]別人的卡片。
115	別	14	old=別	搶奪[別]人的卡片。· | 偷取[別]人50%的現 | 強迫[別]人使用某張卡
116	取	7	old=取	偷[取]別人50%的 | [取]消自己所有的 | 己的現金被盜[取]。·
117	5	5	old=5	偷取別人[5]0%的現金。 | 可用7[5]折買下一件產 | 可用[5]折買下一件產
118	0	6	old=0	偷取別人5[0]%的現金。· | 時，可降低5[0]%。· | 大振的前進2[0]··步！··
119	%	2	old=%	偷取別人50[%]的現金。· | ，可降低50[%]。·
11A	現	42	old=現	別人50%的[現]金。· | 間內，股市呈[現]狂漲狀態。· | 間內，股市呈[現]暴跌狀態。·
11B	內	15	old=內	受害者在時間[內]，將無法動彈 | 受害者在時間[內]，無法使用卡 | 破壞區域[內]的土地建設一
11C	使	41	old=使	時間內，無法[使]用卡片。· | 強迫別人[使]用某張卡片。 | [使]別人成為敗家
11D	用	55	old=用	間內，無法使[用]卡片。· | 強迫別人使[用]某張卡片。· | 海上使[用]，乘座潛水艇
11E	播	38	old=播	散[播]他人的醜聞… | ··為各位插[播]一則重要消息 | 各位好，為您[播]報最··新消
11F	…	332	old=…	播他人的醜聞[…]…· | 他人的醜聞…[…]· | 2月使用時會[…]…·
120	和	11	old=和	[和]其他人一起渡 | [和]別人交換位置 | ·雖然很高興[和]你在一··起
121	起	18	old=起	和其他人一[起]渡蜜月？· | 會引[起]可怕的大災難 | 所有人一[起]賭博！·
122	渡	3	old=度	和其他人一起[渡]蜜月？· | 出現了大批的[渡]假人潮··， | ！··送你去[渡]假後，再處死
123	？	153	old=？	人一起渡蜜月[？]· | 很可怕的東西[？]· | 謎之卡片[？]·
124	召	6	old=召	[召]喚出很可怕的 | 可[召]喚散財仙女。 | ？··有人正[召]喚著我！··
125	喚	7	old=喚	召[喚]出很可怕的東 | 可召[喚]散財仙女。· | ··有人正召[喚]著我！··雖
126	出	56	old=出	召喚[出]很可怕的東西 | ·我決定離開[出]走了！··不 | 激勵，紛紛開[出]亮麗的紅盤！
127	很	19	old=很	召喚出[很]可怕的東西？ | ·！··我會[很]乖的。·· | 卡片，還早得[很]！··
128	可	75	old=可	召喚出很[可]怕的東西？· | 會引起[可]怕的大災難！ | 座汽車前進，[可]丟二個骰子。
129	怕	13	old=怕	召喚出很可[怕]的東西？· | 會引起可[怕]的大災難！· | 哇～·好可[怕]呀！··
12A	某	2	old=某	強迫別人使用[某]張卡片。· | 瞬間移到到[某]處。·
12B	張	13	old=張	迫別人使用某[張]卡片。· | 回合會吃掉一[張]卡片。· | 看看，要哪一[張]卡片呢？··
12C	原	8	old=原	在[原]地埋設地雷。 | 點的金額回復[原]來倍率。·· | 金錢點都回復[原]狀了。··
12D	埋	6	old=埋	在原地[埋]設地雷。· | 覆～··在·[埋]有隱藏的寶藏 | ···發現了[埋]藏已久的寶·
12E	設	7	old=設	在原地埋[設]地雷。· | 破壞土地的建[設]一個等級。· | 域內的土地建[設]一個等級。·
12F	會	68	old=會	[會]引起可怕的大 | 內，被害者都[會]遇上小偷。· | 終點，失敗後[會]有壞事發生。
130	引	5	old=引	會[引]起可怕的大災 | 的，這項舉動[引]社··會的廣 | 。··在各地[引]起了通貨膨脹
131	！	718	old=！	可怕的大災難[！]· | 搗蛋的小惡魔[！]· | 邪惡的惡魔[！]·
132	破	12	old=破	[破]壞土地的建設 | [破]壞區域內的土 | 克英雄成功的[破]壞了外星人的
133	壞	14	old=壞	破[壞]土地的建設一 | 破[壞]區域內的土地 | 骰子，不易損[壞]。·
134	土	27	old=土	破壞[土]地的建設一個 | 破壞區域內的[土]地建設一個等 | 下一件產物或[土]地。·
135	建	9	old=建	破壞土地的[建]設一個等級。 | 區域內的土地[建]設一個等級。 | [建]築公司·
136	個	49	old=個	土地的建設一[個]等級。· | 的土地建設一[個]等級。· | 前進，可丟二[個]骰子。·
137	等	6	old=等	地的建設一個[等]級。· | 土地建設一個[等]級。· | 哼！[等]著吧，我一定
138	級	9	old=級	的建設一個等[級]。· | 地建設一個等[級]。· | 產物或土地一[級]。·
139	區	4	old=區	破壞[區]域內的土地建 | 接送到北部地[區]。· | 接送到中部地[區]。·
13A	域	2	old=域	破壞區[域]內的土地建設 | 水艇到其他海[域]。·
13B	被	55	old=被	時間內，[被]害者都會遇上 | 止自己的現金[被]盜取。· | [被]人陷害時，有
13C	都	40	old=都	間內，被害者[都]會遇上小偷。 | ，使得所有人[都]睡著了。·· | ··家裡的錢[都]被我花光··
13D	遇	1	old=遇	，被害者都會[遇]上小偷。·
13E	上	24	old=上	被害者都會遇[上]小偷。· | 海[上]使用，乘座潛 | 旅··遊，請[上]吧！··
13F	成	39	old=成	使別人[成]為敗家子，奢 | 罰、賺錢金額[成]為2倍。· | 所有罰錢點變[成]賺錢點。·
140	為	65	old=為	使別人成[為]敗家子，奢侈 | 、賺錢金額成[為]2倍。· | 各位好！··[為]各位插播一則
141	奢	1	old=奢	成為敗家子，[奢]侈的花錢。·
142	侈	1	old=侈	為敗家子，奢[侈]的花錢。·
143	花	16	old=花	家子，奢侈的[花]錢。· | 波。··一共[花]了·· | 裡的錢都被我[花]光··了～·
144	錢	75	old=錢	子，奢侈的花[錢]。· | 瞬間移動到賺[錢]點。· | 間內，罰、賺[錢]金額成為2倍
145	前	30	old=前	[前]進一步。· | [前]進二步。· | [前]進三步。·
146	乘	6	old=乘	[乘]座汽車前進， | [乘]座飛機前進， | [乘]座戰車而丟二
147	座	9	old=坐	乘[座]汽車前進，可 | 乘[座]飛機前進，可 | 乘[座]戰車而丟二個
148	丟	23	old=丟	汽車前進，可[丟]二個骰子。· | 飛機前進，可[丟]三個骰子。· | 乘座戰車而[丟]二個骰子，不
149	骰	5	old=骰	進，可丟二個[骰]子。· | 進，可丟三個[骰]子。· | 戰車而丟二個[骰]子，不易損壞
14A	休	5	old=休	[休]息三個月後前 | 太累了要[休]息一下喲。· | 做了衛刺前的[休]息…··
14B	息	30	old=息	休[息]三個月後前進 | 太累了要休[息]一下喲。·· | 播一則重要消[息]。··本台記
14C	後	33	old=後	休息三個月[後]前進二十步。 | 奔終點，失敗[後]會有壞事發生 | 使用[後]，或許可以來
14D	十	6	old=十	個月後前進二[十]步。· | ：·井裡的三[十]年～··恨呀 | 先來吧！··[十]八啦～···
14E	到	130	old=到	瞬間移[到]到某處。· | 瞬間移到[到]某處。· | 瞬間移動[到]賺錢點。·
14F	處	14	old=處	瞬間移到到某[處]。· | 到寶藏的藏匿[處]。· | 我們好好的相[處]吧··！··
150	賺	22	old=賺	瞬間移動到[賺]錢點。· | 時間內，罰、[賺]錢金額成為2 | 有罰錢點變成[賺]錢點。·
151	點	64	old=點	間移動到賺錢[點]。· | 接送到東部地[點]。· | 接送到指定地[點]。·
152	由	17	old=由	[由]VF專機接送到 | [由]VF專機接送到 | [由]VF專機接送到
153	專	11	old=專	由VF[專]機接送到北部 | 由VF[專]機接送到中部 | 由VF[專]機接送到南部
154	接	13	old=撥	由VF專機[接]送到北部地區 | 由VF專機[接]送到中部地區 | 由VF專機[接]送到南部地區
155	送	11	old=送	由VF專機接[送]到北部地區。 | 由VF專機接[送]到中部地區。 | 由VF專機接[送]到南部地區。
156	指	8	old=指	VF專機接送到[指]定地點。· | VF專機接送到[指]定地點。· | VF專機接送到[指]定地點。·
157	定	45	old=定	專機接送到指[定]地點。· | 專機接送到指[定]地點。· | 專機接送到指[定]地點。·
158	而	11	old=而	乘座戰車[而]丟二個骰子， | 發揮偏財運[而]獲得獎金。· | ·是的。··[而]VF中心為了表
159	易	1	old=易	二個骰子，不[易]損壞。·
15A	損	36	old=損	個骰子，不易[損]壞。· | 產業受到[損]害時，可獲賠 | 金錢受到[損]失時，可降低
15B	直	5	old=直	可[直]奔終點，失敗 | 一[直]持有的話，就 | 後，··將可[直]奔終點。··
15C	奔	2	old=奔	可直[奔]終點，失敗後 | ，··將可直[奔]終點。··但
15D	終	19	old=終	可直奔[終]點，失敗後會 | 強行改變[終]點。· | ·謝謝你，我[終]於找到··失
15E	失	43	old=失	可直奔終點，[失]敗後會有壞事 | 金錢受到損[失]時，可降低5 | 終於找到··[失]散多年的孫子
15F	事	43	old=事	失敗後會有壞[事]發生。· | ·發生了什麼[事]？·· | 怎…·怎麼回[事]？··眼皮突
160	心	43	old=心	專車到股市中[心]。· | 專車到卡片中[心]。· | 苦呀！··放[心]，爺爺會照顧
161	位	42	old=位	和別人交換[位]置。· | 拳四郎：·各[位]好！··為各 | 好！··為各[位]插播一則重要
162	置	3	old=置	和別人交換位[置]。· | ·與·的位[置]交換了！·· | 交換位[置]？··這種事
163	呈	2	old=呈	時間內，股市[呈]現狂漲狀態。 | 時間內，股市[呈]現暴跌狀態。
164	狂	6	old=狂	內，股市呈現[狂]漲狀態。· | 這個瘋[狂]大富翁真好玩 | ··舉辦的瘋[狂]大富翁競··
165	漲	4	old=漲	，股市呈現狂[漲]狀態。· | 有的話，就會[漲]價喲……· | 了漂··亮的[漲]幅。··看樣
166	狀	6	old=狀	股市呈現狂漲[狀]態。· | 股市呈現暴跌[狀]態。· | 錢點都回復原[狀]了。··
167	態	2	old=態	市呈現狂漲狀[態]。· | 市呈現暴跌狀[態]。·
168	暴	2	old=暴	內，股市呈現[暴]跌狀態。· | ，各地陸續的[暴]··發恐慌的
169	跌	1	old=跌	，股市呈現暴[跌]狀態。·
16A	罰	20	old=罰	在時間內，[罰]、賺錢金額成 | 時間內，所有[罰]錢點變成賺錢 | 有賺錢點變成[罰]錢點。·
16B	、	5	old=、	在時間內，罰[、]賺錢金額成為 | 啊咚[、]啊鏘，你們… | 啊咚[、]啊鏘，大哥感
16C	額	7	old=額	，罰、賺錢金[額]成為2倍。· | ·賺錢點的金[額]都將提··昇 | 賺錢點的金[額]提昇了2倍。
16D	2	16	old=2	賺錢金額成為[2]倍。· | 在1[2]月使用時會… | 都上昇了··[2]倍之多。··
16E	倍	14	old=倍	錢金額成為2[倍]。· | 上昇了··2[倍]之多。··此 | 提··昇為2[倍]。··美麗的
16F	7	1	old=7	可用[7]5折買下一件
170	折	4	old=折	可用75[折]買下一件產物 | 可用5[折]買下一件產物 | 可用1[折]買下當地所有
171	下	35	old=下	可用75折買[下]一件產物或土 | 可用5折買[下]一件產物或土 | 可用1折買[下]當地所有產物
172	件	10	old=件	75折買下一[件]產物或土地。 | 用5折買下一[件]產物或土地。 | 可免費增資一[件]產物或土地一
173	產	44	old=產	5折買下一件[產]物或土地。· | 5折買下一件[產]物或土地。· | 買下當地所有[產]物或地皮。·
174	物	19	old=物	折買下一件產[物]或土地。· | 折買下一件產[物]或土地。· | 下當地所有產[物]或地皮。·
175	或	8	old=或	買下一件產物[或]土地。· | 買下一件產物[或]土地。· | 當地所有產物[或]地皮。·
176	1	7	old=1	可用[1]折買下當地所 | 在[1]2月使用時會 | ·地方發生了[1]2級的··大
177	當	19	old=當	可用1折買下[當]地所有產物或 | [當]現金不足時， | 我們之間有相[當]的緣份。··
178	皮	4	old=皮	所有產物或地[皮]。· | 回事？··眼[皮]突然重了起來 | 眼[皮]有些重…··
179	免	6	old=免	可[免]費增資一件產 | 錢幸運的被豁[免]了。·· | 罰錢得到了豁[免]。···得到
17A	費	8	old=費	可免[費]增資一件產物 | 有！··過路[費]：·　　· | 出2倍的過路[費]。··
17B	購	3	old=購	可強行[購]買別人的產業 | 確定要併[購]嗎？· | 無法併[購]喔！··
17C	業	38	old=業	購買別人的產[業]或土地。· | 產[業]受到損害時， | 防止產[業]被變賣或吃掉
17D	獲	13	old=獲	到損害時，可[獲]賠償。· | 發揮偏財運而[獲]得獎金。· | 後，最後由·[獲]勝。···獨
17E	賠	11	old=賠	損害時，可獲[賠]償。· | 要給我當成是[賠]罪的禮物！· | 的保險··理[賠]。···的持
17F	償	2	old=償	害時，可獲賠[償]。· | 內，·都要賠[償]水田的損失。
180	降	11	old=降	到損失時，可[降]低50%。· | 幸運啊～··[降]臨在主人的身 | ··幸運啊～[降]臨吧！··
181	低	1	old=低	損失時，可降[低]50%。·
182	消	29	old=消	取[消]自己所有的負 | 插播一則重要[消]息。··本台 | 本台後續··[消]息！··謝謝
183	負	10	old=負	消自己所有的[負]債。· | 經過公平的勝[負]後，最後由· | 這下子少了[負]擔，輕鬆多了
184	債	2	old=債	自己所有的負[債]。· | ·的負[債]還清了！··
185	搗	1	old=搗	[搗]蛋的小惡魔！
186	蛋	18	old=蛋	搗[蛋]的小惡魔！· | 可將外星[蛋]踢回外太空！ | 完[蛋]了……·但是
187	邪	1	old=邪	[邪]惡的惡魔！·
188	之	13	old=之	惡魔[之]王！· | 謎[之]卡片？· | 昇了··2倍[之]多。··此情
189	每	5	old=每	[每]回合會吃掉一 | 的賭局！··[每]個人需出賭金 | 遊戲的規則是[每]人投擲三個骰
18A	回	31	old=回	每[回]合會吃掉一張 | 可將外星蛋踢[回]外太空！· | ，有時可反彈[回]去。·
18B	吃	19	old=吃	每回合會[吃]掉一張卡片。 | 產業被變賣或[吃]掉。· | ～哎唷！··[吃]了太多的蕃薯
18C	掉	37	old=掉	每回合會吃[掉]一張卡片。· | 可丟[掉]被詛咒的卡片 | 業被變賣或吃[掉]。·
18D	幸	34	old=幸	[幸]福的福神。· | [幸]運的財神。· | 呵呵～·真是[幸]運！··
18E	收	29	old=收	可[收]到別人的生日 | 息！··謝謝[收]看。·· | 各位好，歡迎[收]看VF··新聞
18F	賀	2	old=賀	到別人的生日[賀]禮。· | ·為了表示祝[賀]的誠意：··
190	禮	5	old=禮	別人的生日賀[禮]。· | ：·呵呵～失[禮]了！·· | 誕老公公帶著[禮]物出現了！·
191	女	18	old=女	可召喚散財仙[女]。· | —·看來幸運[女]神……··算 | 是清純俏麗的[女]主··播。·
192	揮	8	old=揮	發[揮]偏財運而獲得 | ·的防盜卡發[揮]了作用！·· | ··節源卡發[揮]了功效，損失
193	偏	1	old=偏	發揮[偏]財運而獲得獎
194	得	60	old=得	揮偏財運而獲[得]獎金。· | 的冬眠卡，使[得]所有人都睡著 | ·[得]到··
195	獎	11	old=獎	偏財運而獲得[獎]金。· | ，獨贏所有的[獎]金。·· | 行為，發給了[獎]金··　·
196	找	9	old=找	[找]到寶藏的藏匿 | 嗎？··真是[找]得好苦呀！· | 謝你，我終於[找]到··失散多
197	匿	1	old=匿	找到寶藏的藏[匿]處。·
198	止	6	old=止	防[止]自己的現金被 | 能防[止]別人的陷害。 | 防[止]產業被變賣或
199	酷	30	old=酷	[酷]斯拉的唯一剋 | [酷]斯拉：·吼～ | [酷]斯拉出現在·
19A	拉	28	old=拉	酷斯[拉]的唯一剋星！ | 酷斯[拉]：·吼～吼～ | 酷斯[拉]出現在·了！
19B	唯	1	old=瘋	酷斯拉的[唯]一剋星！·
19C	剋	1	old=-	酷斯拉的唯一[剋]星！·
19D	星	20	old=星	斯拉的唯一剋[星]！· | 可將外[星]蛋踢回外太空 | ·哦～滿天的[星]星～～··窮
19E	踢	1	old=踢	可將外星蛋[踢]回外太空！·
19F	太	31	old=太	外星蛋踢回外[太]空！· | 唷！··吃了[太]多的蕃薯了… | [太]累了要休息一
1A0	宿	1	old=宿	超級大窮神的[宿]敵！·
1A1	敵	3	old=敵	級大窮神的宿[敵]！· | ··要超級無[敵]豪華的咧！· | ～我是天下無[敵]的！··
1A2	陷	7	old=陷	被人[陷]害時，有時可 | 能防止別人的[陷]害。· | 神看穿了·的[陷]害行為了！·
1A3	去	10	old=去	有時可反彈回[去]。· | 旅遊，他自己[去]吧！·· | 大贏家。··[去]吧～····
1A4	敲	2	old=敲	[敲]昏窮神。· | ～··窮神被[敲]昏了！··
1A5	昏	4	old=昏	敲[昏]窮神。· | ··窮神被敲[昏]了！·· | 黃[昏]市場·
1A6	詛	2	old=詛	可丟掉被[詛]咒的卡片。· | ···所中的[詛]咒被驅散了！
1A7	咒	2	old=咒	可丟掉被詛[咒]的卡片。· | ··所中的詛[咒]被驅散了！·
1A8	足	3	old=足	當現金不[足]時，可以不用 | ·的現金不[足]了！···必 | ·您的現金不[足]喲～··
1A9	以	15	old=以	金不足時，可[以]不用變賣產業 | 用後，或許可[以]來個大逆轉喲 | ～··這下可[以]吃頓滿漢全席
1AA	謎	1	old=謎	[謎]之卡片？·
1AB	持	70	old=持	一直[持]有的話，就會 | 元了。··總[持]金：·　　· | ··看樣子會[持]續好一陣··
1AC	話	4	old=話	一直持有的[話]，就會漲價喲 | 但要是失敗的[話]…··真是不 | 俺一個享受的[話]，實在太自私
1AD	就	70	old=就	直持有的話，[就]會漲價喲…… | 窮神：·[就]是你了！·· | ：·啊！··[就]是他了！··
1AE	價	6	old=價	的話，就會漲[價]喲……· | ··所有的物[價]都上昇了·· | 要使用·來折[價]嗎？·
1AF	喲	34	old=呀	話，就會漲價[喲]……· | 以來個大逆轉[喲]！· | 了要休息一下[喲]。··
1B0	許	1	old=許	使用後，或[許]可以來個大逆
1B1	來	67	old=來	後，或許可以[來]個大逆轉喲！ | 皮突然重了起[來]…·· | 天—啊—·看[來]幸運女神……
1B2	全	16	old=全	[全]體玩家現金均 | 可以吃頓滿漢[全]席了！·· | ·力量[全]開，開始衛刺
1B3	體	8	old=體	全[體]玩家現金均分 | 檢視全[體]資產設定· | 外星人不明蛋[體]的後續報導！
1B4	分	6	old=分	體玩家現金均[分]。· | ·由我來替你[分]擔吧！·· | 有人的現金平[分]了！··
1B5	台	12	old=台	消息。··本[台]記者於VF實館 | 請繼續鎖定本[台]後續··消息 | [台]北·
1B6	高	12	old=高	！··雖然很[高]興和你在一· | 間··，我很[高]興。··但離 | [高]爾夫球場·
1B7	馬	2	old=馬	[馬]公· | 喝～儘量放[馬]過來兒！··
1B8	公	32	old=公	這是一次[公]平公正的賭局 | 這是一次公平[公]正的賭局！· | 經過[公]平的勝負後，
1BA	晶	1	old=晶	·您好，我是[晶]瑩剔透··的
1BB	飯	3	old=飯	吃魚子醬魯肉[飯]了！·· | 圓山[飯]店· | 福華[飯]店·
1BC	店	37	old=店	圓山飯[店]· | 服飾[店]· | 精品[店]·
1BE	軟	1	old=軟	的北方，腳就[軟]了起··來…
1C0	雞	1	old=雞	肯德[雞]·
1C1	電	4	old=電	[電]視公司· | [電]影院· | [電]玩中心·
1C2	腦	2	old=腦	不要動我錢的[腦]筋！·· | 動俺錢的[腦]筋，就讓你死
1C5	航	7	old=航	[航]空公司· | [航]空公司· | [航]空公司·
1C6	—	5	old= 	耶[—]！！·幸運喔 | 喔[—]！！·終點就 | 喔喔喔[—]！！··挑戰
1C9	沙	1	old=沙	[沙]西米歐伊西～
1CA	士	1	old=士	使用卡片後，[士]氣大振的前進
1CD	身	8	old=身	降臨在主人的[身]上吧··！· | 回事？··全[身]充滿了力量… | …奇怪咧～·[身]體熱熱的…·
1CF	瘋	5	old=-	這個[瘋]狂大富翁真好 | 所··舉辦的[瘋]狂大富翁競· | 傳說中，拿下[瘋]狂大富翁優勝
1D1	築	5	old=築	建[築]公司· | 建[築]公司· | 建[築]公司·
1D2	油	8	old=油	我了～··加[油]啦～···· | 功呢？··加[油]了！·· | 煉[油]廠·
1D3	永	3	old=永	[永]和豆漿· | [永]康· | [永]別了，綠島！
1D4	豆	4	old=豆	永和[豆]漿· | 臭[豆]腐店· | 臭[豆]腐店·
1D5	漿	1	old=漿	永和豆[漿]·
1D6	圓	4	old=圓	告主人，任務[圓]滿··成功！ | [圓]山飯店· | 彰化肉[圓]·
1D7	山	10	old=山	堆起了一座金[山]！···得到 | 圓[山]飯店· | 旗[山]·
1D8	爾	1	old=爾	高[爾]夫球場·
1D9	夫	1	old=夫	高爾[夫]球場·
1DA	球	14	old=球	高爾夫[球]場· | 棒[球]隊· | 監[球]隊·
1DB	場	14	old=場	·決定平息這[場]醜聞風波。· | 高爾夫球[場]· | 劇[場]·
1DC	棒	6	old=棒	[棒]球隊· | [棒]球隊· | [棒]球隊·
1DD	隊	9	old=隊	棒球[隊]· | 監球[隊]· | 棒球[隊]·
1DE	監	4	old=籃	[監]球隊· | [監]球隊· | [監]球隊·
1DF	司	24	old=司	航空公[司]· | 電視公[司]· | 建築公[司]·
200	劇	1	old=廣	[劇]場·
201	視	3	old=腦	檢[視]全體資產設定 | 電[視]公司· | ··你竟敢無[視]俺少有的好意
202	桃	1	old=桃	[桃]園·
203	園	25	old=園	桃[園]· | 果[園]· | 兒童樂[園]·
204	牛	1	old=牛	[牛]排館·
205	排	2	old=排	牛[排]館· | 下來請看持金[排]行榜～··
206	館	7	old=館	台記者於VF實[館]拍到·的私生 | 捐給了VF博物[館]··，供大家 | 牛排[館]·
207	本	19	old=本	要消息。··[本]台記者於VF實 | ·請繼續鎖定[本]台後續··消 | 赦卡。··依[本]中心查結果，
208	料	4	old=料	日本[料]理· | 日本[料]理· | 的··決算資[料]～··導播～
209	理	22	old=理	什麼嘛！·誰[理]他呀！·· | 這種事我才不[理]呢！·· | 日本料[理]·
20A	服	7	old=服	[服]飾店· | [服]飾店· | 身體老是不舒[服]！··一定是
20B	飾	2	old=飾	服[飾]店· | 服[飾]店·
20C	果	14	old=果	通貨膨脹的效[果]解除了。·· | 依本中心查結[果]，給予申請通 | [果]園·
20D	兒	15	old=兒	可愛的孫··[兒]嗎？··真是 | 可愛的孫··[兒]嗎？·· | 鳴鳴～··孫[兒]你在哪裡～·
20E	樂	9	old=樂	祝你生日快[樂]～·祝你生日 | ·祝你生日快[樂]～···的生 | 兒童[樂]園·
20F	壢	1	old=壢	中[壢]·
210	麥	2	old=麥	[麥]當勞· | [麥]當勞·
211	勞	3	old=勞	麥當[勞]· | 麥當[勞]· | 者近日來的辛[勞]。··在此，
212	精	3	old=精	[精]品店· | [精]品店· | 這張卡片太[精]密了！偽造失
213	品	2	old=品	精[品]店· | 精[品]店·
214	工	10	old=工	汽車[工]廠· | 鐵[工]廠· | IC[工]廠·
215	廠	15	old=廠	汽車工[廠]· | 鐵工[廠]· | IC工[廠]·
216	影	3	old=影	電[影]院· | 必殺‧千手殘[影]拳！·· | 奧義‧爆虎無[影]腳！··
217	院	1	old=院	電影[院]·
218	I	1	old=I	[I]C工廠·
219	C	3	old=C	I[C]工廠· | ··導播～請[C]ute。·· | ··導播，請[C]ute唷··
21A	陽	1	old=陽	太[陽]餅店·
21B	餅	6	old=餅	太陽[餅]店· | 糕[餅]店· | 糕[餅]店·
21C	榮	4	old=榮	長[榮]桂冠· | 業進步獎的殊[榮]。····得 | 佳旅遊勝地殊[榮]··。···
21D	桂	1	old=桂	長榮[桂]冠·
21E	冠	1	old=冠	長榮桂[冠]·
21F	團	1	old=團	VF集[團]·
220	彰	3	old=彰	[彰]化· | [彰]化肉圓· | [彰]化肉圓·
221	化	9	old=化	彰[化]· | 彰[化]肉圓· | 彰[化]肉圓·
222	糕	5	old=糕	[糕]餅店· | [糕]餅店· | [糕]餅店·
223	臭	2	old=臭	[臭]豆腐店· | [臭]豆腐店·
224	腐	2	old=腐	臭豆[腐]店· | 臭豆[腐]店·
225	肉	3	old=肉	吃吃魚子醬魯[肉]飯了！·· | 彰化[肉]圓· | 彰化[肉]圓·
226	田	21	old=田	水[田]· | 水[田]· | 水[田]·
227	草	2	old=茶	[草]莓園· | [草]莓園·
228	莓	2	old=新	草[莓]園· | 草[莓]園·
229	鮮	10	old=鮮	海[鮮]市場· | 海[鮮]店· | 海[鮮]店·
22A	斗	1	old=斗	[斗]六·
22B	蔬	1	old=葡	[蔬]菜園·
22C	菜	1	old=萄	蔬[菜]園·
22D	早	5	old=果	我的卡片，還[早]得很！·· | [早]晨市場· | 了！··在稍[早]時，酷斯拉於
22E	晨	1	old=菜	早[晨]市場·
22F	嘉	1	old=嘉	[嘉]義·
230	義	3	old=義	嘉[義]· | ··我就是正[義]的代表～VF‧ | 祕技！··奧[義]‧爆虎無影腳
231	肯	1	old=肯	[肯]德雞·
232	德	1	old=德	肯[德]雞·
233	布	1	old=布	[布]袋·
234	袋	2	old=袋	·的口[袋]莫名奇妙的裝 | 布[袋]·
235	罐	1	old=罐	[罐]頭工廠·
236	黃	5	old=黃	[黃]昏市場· | 吾[黃]家的子孫怎會 | 吾乃佛山[黃]飛鴻！··
237	茶	6	old=茶	·陪爺爺喝杯[茶]再走吧··！ | [茶]園· | [茶]園·
238	新	53	old=新	您播報最··[新]消息。··· | ·你就是我的[新]主人哪··～ | 迎收看VF··[新]聞。··為各
239	營	1	old=營	新[營]·
23A	麵	6	old=麵	[麵]包店· | 擔仔[麵]· | 擔仔[麵]·
23B	包	6	old=包	萬紅[包]。···總持 | 萬元的紅[包]。··總持金 | 麵[包]店·
23C	鍋	2	old=鍋	火[鍋]店· | 火[鍋]店·
23D	板	2	old=板	鐵[板]燒· | 棺材[板]店·
23E	燒	8	old=燒	·的房子被[燒]掉一層了！· | 鐵板[燒]· | ，但房子已被[燒]掉一··層了
23F	擔	4	old=擔	由我來替你分[擔]吧！·· | [擔]仔麵· | [擔]仔麵·
240	仔	3	old=仔	擔[仔]麵· | 擔[仔]麵· | 呵呵呵～少年[仔]～·想看看好
241	棺	2	old=棺	[棺]材板店· | 哼！拿去買[棺]材吧！··
242	材	5	old=材	棺[材]板店· | 木[材]工廠· | 木[材]工廠·
243	觀	5	old=觀	[觀]光夜市· | [觀]光花園· | [觀]光花園·
244	光	12	old=光	你那是什麼眼[光]！··我可不 | 的錢都被我花[光]··了～·· | ·的錢被花[光]了！··敗家
245	夜	3	old=夜	觀光[夜]市· | 觀光[夜]市· | 觀光[夜]市·
246	康	1	old=康	永[康]·
247	華	4	old=華	福[華]飯店· | ：·這…雍容[華]貴的女主·· | 要超級無敵豪[華]的咧！··好
248	煉	1	old=煉	[煉]油廠·
249	旗	1	old=旗	[旗]山·
24A	屏	1	old=屏	[屏]東·
24B	旅	9	old=旅	[旅]行了！·· | ·招待您一同[旅]··遊，請上 | 這種無聊的[旅]遊，他自己去
24C	雪	1	old=雪	[雪]山·
24D	投	17	old=投	·的[投]資幸運的加倍 | 的規則是每人[投]擲三個骰子。 | 南[投]·
24E	菇	1	old=菇	香[菇]廠·
24F	木	3	old=木	[木]材工廠· | [木]材工廠· | [木]材工廠·
250	礦	4	old=磺	[礦]坑· | [礦]坑· | [礦]坑·
251	坑	4	old=坑	礦[坑]· | 礦[坑]· | 礦[坑]·
252	酒	1	old=酒	[酒]廠·
253	遊	21	old=遊	您一同旅··[遊]，請上吧！· | 這種無聊的旅[遊]，他自己去吧 | ·萬元。··[遊]戲的規則是每
254	覽	6	old=覽	遊[覽]公司· | 遊[覽]公司· | 遊[覽]公司·
255	瑞	1	old=瑞	[瑞]芳·
256	基	1	old=基	[基]隆·
257	隆	1	old=隆	基[隆]·
258	宜	2	old=宜	[宜]蘭· | ·俺看，要便[宜]的賣才可以！
259	蘭	2	old=蘭	宜[蘭]· | 黃香[蘭]·
25A	蘇	1	old=蘇	[蘇]澳·
25B	澳	1	old=澳	蘇[澳]·
25C	魚	11	old=魚	樣子只能吃吃[魚]子醬魯肉飯了 | [魚]塭· | [魚]塭·
25D	塭	3	old=塭	魚[塭]· | 魚[塭]· | 魚[塭]·
25E	捕	6	old=捕	[捕]魚船場· | [捕]魚船場· | [捕]魚船場·
25F	船	6	old=船	捕魚[船]場· | 捕魚[船]場· | 捕魚[船]場·
260	魯	2	old=魯	能吃吃魚子醬[魯]肉飯了！·· | 太[魯]閣·
261	閣	1	old=閣	太魯[閣]·
262	蓮	1	old=蓮	花[蓮]·
263	麻	2	old=麻	[麻]糬店· | [麻]糬店·
264	糬	2	old=糬	麻[糬]店· | 麻[糬]店·
265	泥	1	old=泥	水[泥]工廠·
266	池	2	old=池	·在鑽石游泳[池]裡游泳··的 | [池]上·
267	便	4	old=便	[便]當店· | [便]當店· | ··俺看，要[便]宜的賣才可以
268	溫	4	old=溫	[溫]泉· | [溫]泉· | [溫]泉·
269	泉	4	old=泉	溫[泉]· | 溫[泉]· | 溫[泉]·
26A	賽	1	old=蔡	中[賽]·
26B	綠	4	old=綠	重挫，一片慘[綠]！·· | [綠]島· | 永別了，[綠]島！··
26C	島	3	old=島	綠[島]· | 永別了，綠[島]！·· | 我不要再回綠[島]了！··
26D	貝	7	old=貝	[貝]殼屋· | [貝]殼屋· | [貝]殼屋·
26E	殼	5	old=殼	貝[殼]屋· | 貝[殼]屋· | 貝[殼]屋·
26F	屋	6	old=屋	貝殼[屋]· | 貝殼[屋]· | 貝殼[屋]·
270	底	4	old=底	海[底]旅遊· | 的！··這到[底]是外星人的什 | 呀～··你到[底]在哪裡……·
271	吉	6	old=吉	啊[吉]：·啊！·· | 啊[吉]：·報告主人 | 啊[吉]：·…報…告
272	重	11	old=重	··眼皮突然[重]了起來…·· | 眼皮有些[重]…··不行， | 各位插播一則[重]要消息。··
274	關	3	old=關	定是錢太重的[關]係··！·· | 惜…但是沒有[關]係！·· | 沒[關]係，·不在乎
27A	里	1	old=里	呵呵～啊[里]啊豆！··
27B	平	8	old=平	·決定[平]息這場醜聞風 | 這是一次公[平]公正的賭局！ | 經過公[平]的勝負後，最
27C	鹿	1	old=鹿	～··我的麋[鹿]昨天感冒了…
27E	員	4	old=員	。··消防隊[員]雖及時趕到· | 。··消防隊[員]雖及時趕到· | ··我是特報[員]酷酷。··現
282	民	3	old=民	··近日來，[民]眾財運出·· | 日了！··居[民]陷入了前所未 | ·但俺可是很[民]主的！·讓你
283	白	3	old=白	哇咧～·[白]白燒到手咧！ | 哇咧～·白[白]燒到手咧！· | 黑[白]的世界…好冷
284	河	2	old=河	～俺氣魄蓋山[河]！·· | ～··陷入愛[河]的尤莉雅感·
285	井	1	old=井	珍子：·[井]裡的三十年～
286	善	1	old=善	俺好像做了大[善]事！不要太感
288	格	1	old=榕	大家用火時要[格]··外的小心
28B	傳	7	old=傳	。··各地都[傳]來了賺大錢的 | 。··各地都[傳]來的災情都· | 冷的冬天，·[傳]出了寒害的消
28C	貢	1	old=貢	[貢]丸湯·
28D	丸	1	old=丸	貢[丸]湯·
28E	湯	1	old=湯	貢丸[湯]·
28F	嘟	1	old=-	[嘟]比·
290	比	7	old=比	算了算了～有[比]沒有好。·· | 哼，[比]我的零用錢少 | 和美形度成正[比]。··
291	美	33	old=美	！··在此，[美]麗的主播獻· | ，我依舊是那[美]··艷動人的 | 上就是由我～[美]艷··的尤莉
292	吳	1	old=吳	[吳]氣魄·
293	氣	17	old=氣	！！··的手[氣]真背。··希 | 就是由我～帥[氣]··的拳四郎 | 雅：·……帥[氣]…？··
294	魄	5	old=魄	好，你很有氣[魄]的丟出· | 孫怎會這麼落[魄]呢？·· | 氣[魄]就是力量。·
295	村	4	old=村	鳴～花[村]先生…··我 | 花[村]先生……·· | 美麗的花[村]先生，謝謝你
296	是	281	old=是	[是]否· | 合了嗎？·真[是]討厭！·· | 再跟著你實在[是]太無··聊了
297	否	2	old=否	是[否]· | 是[否]更改角色的名
298	什	32	old=什	[什]麼？·發生了 | 麼？·發生了[什]麼事？·· | [什]麼嘛！·誰理
299	麼	78	old=麼	什[麼]？·發生了什 | ？·發生了什[麼]事？·· | 什[麼]嘛！·誰理他
29A	了	526	old=了	什麼？·發生[了]什麼事？·· | ·變成烏龜[了]！·· | ·回復人形[了]。··
29B	哇	27	old=哇	[哇]～·· | [哇]～·我的卡片 | [哇]～·好可怕呀
29C	～	405	old=～	哇[～]·· | 仙人：·哎唷[～]哎唷！··吃 | ·肚子有點脹[～]··
29D	烏	4	old=烏	·變成[烏]龜了！·· | 全部人都變成[烏]龜了！·· | 變[烏]龜？·哈哈～
29E	復	6	old=復	·回[復]人形了。·· | 錢點的金額回[復]原來倍率。· | 的金錢點都回[復]原狀了。··
29F	形	13	old=形	·回復人[形]了。·· | 多。··此情[形]看來將持續好 | 。··這種情[形]，幸運的連·
2A0	哎	9	old=哎	屁仙人：·[哎]唷～哎唷！· | 人：·哎唷～[哎]唷！··吃了 | 老頭：·[哎]喲～你不是！
2A1	唷	8	old=唷	屁仙人：·哎[唷]～哎唷！·· | ：·哎唷～哎[唷]！··吃了太 | 哎[唷]～··人家被
2A2	多	20	old=多	！··吃了太[多]的蕃薯了…· | ：·這樣子好[多]了！·· | 人[多]才熱鬧嘛！·
2A3	蕃	1	old=蕃	·吃了太多的[蕃]薯了…··肚
2A4	薯	1	old=薯	吃了太多的蕃[薯]了…··肚子
2A5	肚	5	old=肚	蕃薯了…··[肚]子有點脹～· | 餓鬼：·[肚]子好餓哦～· | 主人哪～··[肚]子好餓哦！·
2A6	這	132	old=這	屁仙人：·[這]樣子好多了！ | 怎麼會[這]樣！·· | ··不要再開[這]種玩笑了··
2A7	樣	28	old=樣	屁仙人：·這[樣]子好多了！· | 怎麼會這[樣]！·· | 的人～··看[樣]子只能吃吃魚
2A8	好	125	old=好	人：·這樣子[好]多了！·· | 聊呀～··我[好]無聊喲！·· | 。··讓我們[好]好的相處吧·
2A9	要	108	old=要	[要]集合了嗎？· | 太累了[要]休息一下喲。 | 走了！··不[要]太想念我了。
2AA	嗎	56	old=嗎	要集合了[嗎]？·真是討厭 | 愛的孫··兒[嗎]？··真是找 | 愛的孫··兒[嗎]？··
2AB	真	78	old=真	集合了嗎？·[真]是討厭！·· | 呵呵～·[真]是幸運！·· | ·兒嗎？··[真]是找得好苦呀
2AC	討	5	old=討	了嗎？·真是[討]厭！·· | ··會的廣泛[討]論。··請繼 | ··後考核的[討]論。··各位
2AD	厭	2	old=厭	嗎？·真是討[厭]！·· | 這……··討[厭]啦…人家不來
2AE	嘛	11	old=嘛	什麼[嘛]！·誰理他呀 | 人多才熱鬧[嘛]！·· | ～··你看看[嘛]～人家這裡～
2AF	誰	7	old=誰	什麼嘛！·[誰]理他呀！·· | 家子：·鳴～[誰]能安慰我空虛 | 撒旦：·[誰]？··是誰召
2B0	呀	51	old=呀	嘛！·誰理他[呀]！·· | 窮神：·無聊[呀]～··我好無 | 真是找得好苦[呀]！··放心，
2B1	效	11	old=效	的防禦卡發生[效]用。·· | 了通貨膨脹的[效]應…·· | 通··貨膨脹[效]應已經逐漸·
2B2	才	22	old=才	人多[才]熱鬧嘛！·· | ：·鳴～那個[才]不是我的·· | ··這種事我[才]不理呢！··
2B3	熱	6	old=熱	人多才[熱]鬧嘛！·· | 售的狀況空前[熱]烈！··第一 | 怪咧～·身體[熱]熱的…··哎
2B4	鬧	2	old=鬧	人多才熱[鬧]嘛！·· | ··這樣就熱[鬧]多咧！··
2B5	哈	79	old=哈	[哈]哈哈～·睡覺 | 哈[哈]哈～·睡覺時 | 哈哈[哈]～·睡覺時間
2B6	睡	7	old=睡	哈哈哈～·[睡]覺時間到了！ | 不行，我不能[睡]著！·· | 使得所有人都[睡]著了。··
2B7	覺	7	old=覺	哈哈哈～·睡[覺]時間到了！· | 空虛的··感[覺]呢？··一定 | 游泳··的感[覺]一定很好！·
2B8	怎	35	old=怎	[怎]…·怎麼回事 | 怎…·[怎]麼回事？·· | [怎]麼會這樣！·
2B9	眼	8	old=眼	麼回事？··[眼]皮突然重了起 | [眼]皮有些重…· | ·你那是什麼[眼]光！··我可
2BA	突	4	old=突	事？··眼皮[突]然重了起來… | 拳四郎：·[突]有種噁心的感 | 嘛～··人家[突]然不痛了，謝
2BB	然	15	old=然	？··眼皮突[然]重了起來…· | 著我！··雖[然]很高興和你在 | ～··人家突[然]不痛了，謝謝
2BC	些	8	old=些	眼皮有[些]重…··不行 | 什麼？··這[些]錢要給我當成 | ！··你說這[些]錢要給我？·
2BD	我	184	old=我	…··不行，[我]不能睡著！· | 無聊呀～··[我]好無聊喲！· | ·聊了！··[我]決定離開出走
2BE	著	17	old=著	行，我不能睡[著]！·· | 得所有人都睡[著]了。·· | 喲！··再跟[著]你實在是太無
2BF	累	4	old=累	太[累]了要休息一下 | ，不要太··[累]了。··陪爺 | 斯拉看起來很[累]的回到大海裡
2C0	聊	4	old=聊	窮神：·無[聊]呀～··我好 | ～··我好無[聊]喲！··再跟 | 在是太無··[聊]了！··我決
2C1	再	41	old=再	無聊喲！··[再]跟著你實在是 | 呢！··不要[再]開這種玩笑了 | 陪爺爺喝杯茶[再]走吧··！·
2C2	你	108	old=你	！··再跟著[你]實在是太無· | 窮神：·就是[你]了！···主 | 頭：·哎喲～[你]不是！··你
2C3	實	6	old=實	··再跟著你[實]在是太無·· | 個享受的話，[實]在太自私了！ | by～這樣子[實]在不像是媽·
2C4	決	17	old=決	聊了！··我[決]定離開出走了 | ·[決]定平息這場醜 | OK快按鈕[決]定吧，南無阿
2C5	離	9	old=離	！··我決定[離]開出走了！· | 是捨不··得[離]開呀！·· | ·[離]開了·。··
2C6	開	19	old=開	··我決定離[開]出走了！·· | ！··不要再[開]這種玩笑了· | 滾[開]！不要動我錢
2C7	想	16	old=想	！··不要太[想]念我了。·· | [想]封印我的卡片 | ·算了，不要[想]太多，繼續吧
2C8	念	2	old=念	··不要太想[念]我了。·· | ？··這麼想[念]我嗎？··以
2C9	主	28	old=主	你了！···[主]人。··讓我 | 啊吉：·報告[主]人，任務圓滿 | ：·…報…告[主]人…··對方
2CA	讓	22	old=讓	·主人。··[讓]我們好好的相 | 呼喚了。··[讓]我守護你吧！ | 主人。··就[讓]我財神來助您
2CB	們	22	old=們	人。··讓我[們]好好的相處吧 | 播報到此，我[們]··下次見。 | 到此，我··[們]下次見。··
2CC	相	12	old=相	讓我們好好的[相]處吧··！· | 來我們之間有[相]當的緣份。· | 的災情都··[相]當的慘重。·
2CD	吧	55	old=吧	們好好的相處[吧]··！··我 | 爺喝杯茶再走[吧]··！·· | ··遊，請上[吧]！··
2CE	乖	2	old=乖	！··我會很[乖]的。·· | ～··我會很[乖]的，請多多·
2CF	看	69	old=看	我[看]看，要哪一張 | 我看[看]，要哪一張卡 | 哼！·太小[看]我了！··
2D0	哪	16	old=哪	我看看，要[哪]一張卡片呢？ | ··孫兒你在[哪]裡～·· | 嘻嘻～·要用[哪]一張？··
2D1	呢	24	old=呢	要哪一張卡片[呢]？·· | 我的··孫子[呢]！··不要再 | 虛的··感覺[呢]？··一定是
2D2	哼	15	old=哼	[哼]！·太小看我 | 窮神：·[哼]～想要害我！ | 報警了！··[哼]！算你狠！·
2D3	呵	55	old=呵	[呵]呵～·真是幸 | 呵[呵]～·真是幸運 | 小偷：·[呵]呵～失禮了！
2D4	啊	53	old=阿	[啊]吉：·啊！· | 啊吉：·[啊]！··就是他 | [啊]吉：·報告主
2D5	報	39	old=報	啊吉：·[報]告主人，任務 | 啊吉：·…[報]…告主人…· | 位好，為您播[報]最··新消息
2D6	告	8	old=告	啊吉：·報[告]主人，任務圓 | 吉：·…報…[告]主人…··對 | ·不可[告]人的祕密被人
2D7	任	8	old=任	·報告主人，[任]務圓滿··成 | 使用卡片後，[任]性的改變了目 | 報…告主人，[任]務··失敗了
2D8	務	8	old=務	報告主人，任[務]圓滿··成功 | …告主人，任[務]··失敗了… | 總公司發生財[務]糾紛。···
2D9	滿	11	old=滿	主人，任務圓[滿]··成功！· | 這下可以吃頓[滿]漢全席了！· | ·似乎可撿到[滿]地的錢··。
2DA	功	20	old=功	務圓滿··成[功]！·· | ·成[功]的瞬間移動了 | 使用此卡片成[功]後，··將可
2DB	萬	136	old=萬	[萬]元了。··總 | 金：·　　·[萬]。·· | [萬]元喔。··
2DC	元	25	old=元	萬[元]了。··總持 | 萬[元]喔。·· | 萬[元]了。··
2DD	總	39	old=總	萬元了。··[總]持金：·　　 | 紅包。···[總]持金：·　　 | ·[總]共收到了·
2DE	對	10	old=對	告主人…··[對]方的防禦卡使 | ～··那種事[對]我怎麼可能有 | 要[對]誰使用呢？·
2DF	方	17	old=方	主人…··對[方]的防禦卡使我 | 天神：·四[方]的財神，萬物 | 跑回遙遠的北[方]，腳就軟了起
300	手	10	old=手	我無··法下[手]！··抱歉了 | ：·哈哈～到[手]了！···得 | 咧！！··的[手]氣真背。··
301	抱	5	old=抱	法下手！··[抱]歉了！·· | 了…··真是[抱]歉～·· | …··真的很[抱]歉……···
302	歉	5	old=歉	下手！··抱[歉]了！·· | …··真是抱[歉]～·· | ··真的很抱[歉]……···損
303	那	19	old=那	··你不是我[那]可愛的孫·· | ··你不是我[那]可愛的孫·· | 老頭：·鳴～[那]個才不是我的
304	愛	6	old=愛	你不是我那可[愛]的孫··兒嗎 | 你不是我那可[愛]的孫··兒嗎 | 是的！··可[愛]的尤莉雅提醒
305	孫	8	old=孫	是我那可愛的[孫]··兒嗎？· | ·失散多年的[孫]子了！·· | 是我那可愛的[孫]··兒嗎？·
306	苦	4	old=苦	·真是找得好[苦]呀！··放心 | 錢是··件辛[苦]的事。··由 | ·有錢是件痛[苦]的事。··雖
307	放	6	old=放	好苦呀！··[放]心，爺爺會照 | 確定要[放]棄·嗎？· | ～···，你[放]心！·俺會很
308	爺	6	old=爺	！··放心，[爺]爺會照顧你· | ··放心，爺[爺]會照顧你·· | 累了。··陪[爺]爺喝杯茶再走
309	照	4	old=照	放心，爺爺會[照]顧你··的！ | 到·的私生活[照]··！·· | ，請多多··[照]顧喲～··
30A	顧	2	old=顧	心，爺爺會照[顧]你··的！· | 請多多··照[顧]喲～··
30B	謝	44	old=謝	老頭：·[謝]謝你，我終於 | 老頭：·謝[謝]你，我終於找 | ·消息！··[謝]謝收看。··
30C	於	22	old=於	謝謝你，我終[於]找到··失散 | ··本台記者[於]VF實館拍到· | 已久的寶藏，[於]··日前由·
30D	年	22	old=年	到··失散多[年]的孫子了！· | ·井裡的三十[年]～··恨呀！ | ·從現在起一[年]內，只··要
30E	認	5	old=認	你[認]錯人了！·· | 老頭：·是我[認]錯人啦…·· | 心財經小組的[認]証後，特頒給
30F	錯	4	old=錯	你認[錯]人了！·· | 頭：·是我認[錯]人啦…··鳴 | 少女的我是個[錯]嗎…··
310	啦	16	old=啦	·是我認錯人[啦]…··鳴鳴～ | 窮神：·啊[啦]啦！？··有 | 窮神：·啊啦[啦]！？··有人
311	鳴	35	old=-	錯人啦…··[鳴]鳴～··孫兒 | 人啦…··鳴[鳴]～··孫兒你 | 老頭：·[鳴]～那個才不是
312	裡	17	old=裡	·孫兒你在哪[裡]～·· | 珍子：·井[裡]的三十年～· | 甘心～··家[裡]的錢都被我花
313	種	18	old=種	·不要再開這[種]玩笑了··！ | 這[種]無聊的旅遊， | 位置？··這[種]事我才不理呢
314	笑	1	old=笑	要再開這種玩[笑]了··！··
315	陪	2	old=陪	·累了。··[陪]爺爺喝杯茶再 | 寞…··有俺[陪]你也會這樣嗎
316	喝	5	old=喝	。··陪爺爺[喝]杯茶再走吧· | 責任！···[喝]～·· | [喝]～儘量放馬過
317	杯	1	old=杯	··陪爺爺喝[杯]茶再走吧··
318	暫	1	old=暫	·的卡片[暫]時被封印了！
319	還	26	old=還	印我的卡片，[還]早得很！·· | ～··為什麼[還]是有空虛的· | ？··一定是[還]沒有花夠吧·
31A	祕	5	old=祕	·不可告人的[祕]密被人發現了 | 英雄··已經[祕]密的出動了！ | 超人已··經[祕]密的出動了！
31B	密	4	old=密	不可告人的祕[密]被人發現了！ | 雄··已經祕[密]的出動了！· | 人已··經祕[密]的出動了！·
31C	拳	56	old=-	[拳]四郎：·各位 | [拳]四郎：·是的 | [拳]四郎：·各位
31D	各	46	old=各	拳四郎：·[各]位好！··為 | 位好！··為[各]位插播一則重 | 尤莉雅：·[各]位好，為您播
31E	插	8	old=插	！··為各位[插]播一則重要消 | 。··為各位[插]播一則最新· | 好！··為您[插]播一則最新的
31F	則	19	old=則	為各位插播一[則]重要消息。· | 為各位播報一[則]財經··消息 | 為各位播報一[則]財經··消息
320	記	4	old=記	息。··本台[記]者於VF實館拍 | 連本台的採訪[記]者，也險遭颱 | 惡惡惡！給我[記]住！··
321	實	1	old=賓	本台記者於VF[實]館拍到·的私
322	拍	1	old=拍	記者於VF實館[拍]到·的私生活
323	私	3	old=私	實館拍到·的[私]生活照··！ | 話，實在太自[私]了！··我的 | 此地為·[私]人所有！··
324	活	5	old=活	拍到·的私生[活]照··！·· | 你這個不知死[活]的··小子嗎 | 有多少時間可[活]了，但是也總
325	尤	64	old=-	[尤]莉雅：·是的 | [尤]莉雅：·各位 | [尤]莉雅：·是的
326	雅	63	old=雅	尤莉[雅]：·是的，這 | 尤莉[雅]：·各位好， | 尤莉[雅]：·是的！·
327	項	6	old=項	：·是的，這[項]舉動引社·· | 了表揚此··[項]行為，發給了 | 請決定投資的[項]目。·
328	舉	3	old=舉	·是的，這項[舉]動引社··會 | VF大會所··[舉]辦的瘋狂大富 | 三屆VF大會所[舉]辦的瘋狂大富
329	社	1	old=社	，這項舉動引[社]··會的廣泛
32A	廣	2	old=廣	引社··會的[廣]泛討論。·· | 董事長！··[廣]譽科技又推出
32B	泛	1	old=泛	社··會的廣[泛]討論。··請
32C	論	3	old=論	·會的廣泛討[論]。··請繼續 | ·後考核的討[論]。··各位參 | 審還在··討[論]的時候…··
32D	請	20	old=請	泛討論。··[請]繼續鎖定本台 | 同旅··遊，[請]上吧！·· | 我會很乖的，[請]多多··照顧
32E	繼	3	old=繼	討論。··請[繼]續鎖定本台後 | ·但是還是要[繼]續喔。· | 不要想太多，[繼]續吧……·
32F	續	15	old=續	論。··請繼[續]鎖定本台後續 | 續鎖定本台後[續]··消息！· | 但是還是要繼[續]喔。·
330	鎖	4	old=鎖	。··請繼續[鎖]定本台後續· | 這樣會破壞連[鎖]！·· | 土地的連[鎖]被破壞了！·
331	風	8	old=風	平息這場醜聞[風]波。··一共 | ·……搶我的[風]頭…··是的 | ·發生颱[風]了！··快…
332	波	1	old=波	息這場醜聞風[波]。··一共花
333	共	8	old=共	風波。··一[共]花了·· | ·總[共]收到了· | ·[共]得到了·　·
334	招	5	old=招	機長：··[招]待您一同旅· | ！··…就來[招]考員工好咧！ | 超窮魔神出[招]了！·
335	待	7	old=待	機長：··招[待]您一同旅·· | 咧！··好期[待]好期待咧～· | ·好期待好期[待]咧～··要給
336	您	59	old=您	長：··招待[您]一同旅··遊 | ·各位好，為[您]播報最··新 | ·的拳四郎為[您]播報的··財
337	同	3	old=同	··招待您一[同]旅··遊，請 | 我的傑克[同]志在那兒呢？ | 要和傑克[同]志相約鐵打尼
338	珍	1	old=珍	[珍]子：·井裡的
339	恨	1	old=恨	三十年～··[恨]呀！··
33A	嘻	13	old=嘻	[嘻]嘻嘻～·要用 | 嘻[嘻]嘻～·要用哪 | 嘻嘻[嘻]～·要用哪一
33B	吼	3	old=吼	酷斯拉：·[吼]～吼～吼～· | 斯拉：·吼～[吼]～吼～·· | ：·吼～吼～[吼]～··
33C	房	10	old=屋	·的[房]子被燒掉一層 | ··位於·的[房]子意外失火了 | 趕到··，但[房]子已被燒掉一
33D	層	8	old=層	房子被燒掉一[層]了！·· | 被燒掉一··[層]了！···究 | 被燒掉一··[層]了！····
33E	疑	1	old=疑	可不是什麼可[疑]的··人物喲
33F	單	1	old=單	偷：·真是個[單]純的傢伙！·
340	純	3	old=純	：·真是個單[純]的傢伙！·· | 。··我是清[純]俏麗的女主· | 點了！··清[純]的主播提醒您
341	傢	3	old=傢	真是個單純的[傢]伙！··一切 | 不怕死的··[傢]伙！··敢來 | ·真是可憐的[傢]伙…··還是
342	伙	3	old=伙	是個單純的傢[伙]！··一切看 | 怕死的··傢[伙]！··敢來阻 | 真是可憐的傢[伙]…··還是饒
343	切	1	old=切	傢伙！··一[切]看我的好了！
344	呼	16	old=呼	小偷：·[呼]～呼～··事 | 小偷：·呼～[呼]～··事蹟差 | 聽到你··的[呼]喚了。··讓
345	蹟	1	old=蹟	～呼～··事[蹟]差點敗露，真
346	差	2	old=差	呼～··事蹟[差]點敗露，真是 | ··嗯～這還[差]不多！··
347	露	12	old=露	·事蹟差點敗[露]，真是··危 | ··不要老是[露]出懼怕的表情 | 卡片小姐～·[露]露。··需要
348	危	5	old=危	露，真是··[危]險！··不幹 | ·能拯救這個[危]機的，就只有 | 的總公司發生[危]機糾··紛了
349	幹	2	old=幹	危險！··不[幹]了～不幹了！ | ·不幹了～不[幹]了！··
34A	肥	1	old=肥	：·真是頭好[肥]羊！··
34B	羊	1	old=羊	·真是頭好肥[羊]！··
34C	甘	2	old=甘	家子：·～不[甘]心～··家裡 | ？·真令人不[甘]心～··
34D	虛	3	old=虛	什麼還是有空[虛]的··感覺呢 | 誰能安慰我空[虛]··的靈魂～ | ·你看起來太[虛]弱了，··一
34E	感	17	old=感	有空虛的··[感]覺呢？··一 | 裡游泳··的[感]覺一定很好！ | 突有種噁心的[感]覺…··啊…
34F	夠	6	old=夠	定是還沒有花[夠]吧··！·· | ～·您的錢不[夠]喲～·· | 人都還沒欣賞[夠]你的美··呀
350	滾	2	old=滾	[滾]開！不要動我 | 錢快給我[滾]過來吧！··
351	筋	2	old=餅	要動我錢的腦[筋]！·· | 動俺錢的腦[筋]，就讓你死·
352	慰	1	old=慰	·鳴～誰能安[慰]我空虛··的
353	靈	5	old=靈	我空虛··的[靈]魂～·· | 福神顯[靈]，取消罰緩！ | 看穿了招式～[靈]巧的閃過了！
354	魂	1	old=魂	空虛··的靈[魂]～··
355	游	2	old=游	子：·在鑽石[游]泳池裡游泳· | 鑽石游泳池裡[游]泳··的感覺
356	泳	2	old=泳	：·在鑽石游[泳]池裡游泳·· | 石游泳池裡游[泳]··的感覺一
357	頓	1	old=頓	·這下可以吃[頓]滿漢全席了！
358	漢	1	old=漢	下可以吃頓滿[漢]全席了！··
359	席	1	old=席	以吃頓滿漢全[席]了！··
35A	器	1	old=器	子：·真是小[器]的人～··看
35B	醬	1	old=醬	只能吃吃魚子[醬]魯肉飯了！·
35C	做	18	old=做	·[做]了衛刺前的休 | VF新聞會為您[做]最新··後續 | 家什麼都沒有[做]嘛～··人家
35D	力	22	old=力	·[力]量全開，開始 | ·全身充滿了[力]量…·· | 您一··臂之[力]吧！··
35E	量	8	old=量	·力[量]全開，開始衛 | 全身充滿了力[量]…·· | 以我財神的力[量]，保··佑主
35F	始	2	old=始	力量全開，開[始]衛刺！·· | 度，確定要初[始]化嗎？·
360	最	30	old=最	好，為您播報[最]··新消息。 | 主播獻··上[最]誠心的祝福！ | 各位播報一則[最]新··消息。
361	此	23	old=此	的！··使用[此]卡片成功後， | 是的！··在[此]，美麗的主播 | 倍之多。··[此]情形看來將持
362	但	15	old=但	奔終點。··[但]要是失敗的話 | 完蛋了……·[但]是還是要繼續 | 在一··起，[但]我還是得走！
363	死	17	old=死	··真是不怕[死]的···呀！ | 是你這個不知[死]活的··小子 | ·，宛如一座[死]城。···所
364	獻	1	old=獻	，美麗的主播[獻]··上最誠心
365	誠	2	old=誠	播獻··上最[誠]心的祝福！· | 了表示祝賀的[誠]意：··
366	祝	5	old=祝	·上最誠心的[祝]福！··再會 | [祝]你生日快樂～ | 生日快樂～·[祝]你生日快樂～
367	O	6	old=O	[O]K快按鈕決定 | ·娜娜。··[O]h～需要娜娜 | [O]h～真是抱歉
368	K	1	old=K	O[K]快按鈕決定吧
369	快	24	old=快	OK[快]按鈕決定吧， | 喔！！··趕[快]再按一下！！ | 祝你生日[快]樂～·祝你生
36A	按	3	old=按	OK快[按]鈕決定吧，南 | ！··趕快再[按]一下！！· | ·現在，就請[按]下A鍵決定終
36B	鈕	1	old=鈕	OK快按[鈕]決定吧，南無
36C	阿	2	old=阿	決定吧，南無[阿]彌陀佛…· | 願上帝保佑，[阿]門。·
36D	彌	2	old=彌	定吧，南無阿[彌]陀佛…· | 了～··讓我[彌]補妳吧～··
36E	陀	1	old=陀	吧，南無阿彌[陀]佛…·
36F	佛	2	old=佛	，南無阿彌陀[佛]…· | 吾乃[佛]山黃飛鴻！·
370	耶	4	old=耶	[耶]—！！·幸運 | ：·　·萬元[耶]。· | 為：··萬元[耶]。··
371	趕	9	old=趕	運喔！！··[趕]快再按一下！ | ·被·[趕]走了。·· | ·所有的人都[趕]來為·慶生了
372	願	5	old=願	前了！！··[願]上帝保佑，阿 | [願]大家都幸福。 | 獲··得一個[願]望。··
373	佑	4	old=佑	··願上帝保[佑]，阿門。· | 力量，保··[佑]主人事業成功 | 達～謝謝你保[佑]·！··
374	門	2	old=門	上帝保佑，阿[門]。· | 要害我！··[門]兒都沒有！·
375	挑	1	old=挑	喔—！！··[挑]戰成功了。·
376	完	11	old=完	[完]蛋了……·但 | 本節新聞播報[完]畢，下回見！ | 火焰！···[完]全陷於火海之
377	算	11	old=算	女神……··[算]了，不要想太 | 了！··哼！[算]你狠！·下次 | ··在年度決[算]時，此地的收
378	咧	39	old=咧	哇[咧]！！··的手 | 大‧好‧事‧[咧]！··俺買了 | ··俺買了·[咧]！··那個人
379	背	1	old=肯	··的手氣真[背]。··希望·
37A	希	2	old=希	氣真背。··[希]望·不要想不 | 了一層。··[希]望大家用火時
37B	望	5	old=望	真背。··希[望]·不要想不開 | 一層。··希[望]大家用火時要 | ··得一個願[望]。··
37C	正	8	old=正	！？··有人[正]召喚著我！· | 是一次公平公[正]的賭局！·· | ，VF蒐証小組[正]在··調查中
37D	雖	7	old=雖	喚著我！··[雖]然很高興和你 | ··消防隊員[雖]及時趕到·· | ··消防隊員[雖]及時趕到··
37E	興	8	old=興	··雖然很高[興]和你在一·· | ··，我很高[興]。··但離別 | 真‧是‧高‧[興]‧咧！···
37F	煩	4	old=煩	真是[煩]呀～··怎麼 | 哇啊～·真是[煩]人呀！··什 | 東西的，真是[煩]人！··看我
380	寂	2	old=寂	呢？··真是[寂]寞呀！·· | ··看起來很[寂]寞…··有俺
381	寞	2	old=算	？··真是寂[寞]呀！·· | ·看起來很寂[寞]…··有俺陪
382	嗯	12	old=嗯	[嗯]，這裡好多了 | 的禮物！··[嗯]～這還差不多 | [嗯]～·到手了～
383	與	2	old=與	·[與]·的位置交換 | ··娜娜期待[與]您再次見面喲
384	激	4	old=激	·股市受到了[激]勵，紛紛開出 | 內企業受到了[激]勵··，前景 | 各企業受到的[激]勵後··，股
385	勵	4	old=團	股市受到了激[勵]，紛紛開出亮 | 企業受到了激[勵]··，前景看 | 企業受到的激[勵]後··，股票
386	紛	9	old=紛	受到了激勵，[紛]紛開出亮麗的 | 到了激勵，紛[紛]開出亮麗的紅 | 後··，股票[紛]紛出現了漂·
387	亮	3	old=亮	勵，紛紛開出[亮]麗的紅盤！· | 出現了漂··[亮]的漲幅。·· | ～·鈴聲多響[亮]～··聖誕老
388	盤	1	old=盤	開出亮麗的紅[盤]！··
389	歡	18	old=歡	：·各位好，[歡]迎收看VF·· | ：·各位好，[歡]迎收看VF·· | ：·各位好，[歡]迎收看VF··
38A	迎	16	old=迎	·各位好，歡[迎]收看VF··新 | ·各位好，歡[迎]收看VF··新 | ·各位好，歡[迎]收看VF··新
38B	經	24	old=經	位播報一則財[經]··消息。· | 播報的··財[經]新聞，再會！ | 位播報一則財[經]··消息。·
38C	國	2	old=國	·消息。··[國]內企業受到了 | 一年喲～··[國]色天香的尤莉
38D	企	5	old=企	息。··國內[企]業受到了激勵 | 是的！··各[企]業受到的激勵 | 年度最佳[企]業獎出爐了！
38E	景	4	old=景	激勵··，前[景]看好。··· | ·難一得的奇[景]！·· | ·今年真是不[景]氣呀！··
38F	票	2	old=票	勵後··，股[票]紛紛出現了漂 | 現在未持有股[票]喲～··
390	漂	1	old=漂	票紛紛出現了[漂]··亮的漲幅
391	幅	1	old=幅	漂··亮的漲[幅]。··看樣子
392	陣	5	old=陣	子會持續好一[陣]··子。·· | 子會持續好一[陣]··子。·· | 持續好··一[陣]子。····
393	帥	2	old=帥	上就是由我～[帥]氣··的拳四 | 莉雅：·……[帥]氣…？··
394	挫	1	old=挫	股市受到了重[挫]，一片慘綠！
395	慘	3	old=慘	了重挫，一片[慘]綠！·· | 擊，股市一片[慘]淡。··看樣 | 都··相當的[慘]重。···
396	依	5	old=依	··是的，我[依]舊是那美·· | 特赦卡。··[依]本中心查結果 | 啊達瑪[依]達伊～··
397	舊	2	old=舊	·是的，我依[舊]是那美··艷 | 此存檔已有[舊]進度，確定要
398	艷	4	old=艷	舊是那美··[艷]動人的主播。 | 就是由我～美[艷]··的尤莉雅 | 。··我是美[艷]動人的尤莉·
399	濟	3	old=濟	產業受到了經[濟]衛··擊，股 | ··今年的經[濟]發展相當的不 | ··在面臨經[濟]的壓力下，物
39A	擊	6	old=擊	了經濟衛··[擊]，股市一片慘 | 斯拉閃過了攻[擊]！··VF超人 | ··VF超人被[擊]敗了！··
39B	淡	1	old=淡	，股市一片慘[淡]。··看樣子
39C	應	5	old=應	通貨膨脹的效[應]…·· | ··貨膨脹效[應]已經逐漸·· | 了通貨膨脹效[應]…··
39D	界	10	old=界	！··近日各[界]所引發的通· | 斯拉！··世[界]又回復和平了 | 次的拯救了世[界]··的和平！
39E	已	27	old=已	·貨膨脹效應[已]經逐漸··蔓 | ·發現了埋藏[已]久的寶··藏 | ·找到了失落[已]久的寶藏了！
39F	逐	1	old=逐	膨脹效應已經[逐]漸··蔓延。
3A0	漸	1	old=漸	脹效應已經逐[漸]··蔓延。·
3A1	蔓	1	old=曼	已經逐漸··[蔓]延。··所有
3A2	延	1	old=延	經逐漸··蔓[延]。··所有的
3A3	昇	5	old=昇	有的物價都上[昇]了··2倍之 | 額都將提··[昇]為2倍。·· | 錢點的金額提[昇]了2倍。··
3A4	情	12	old=情	之多。··此[情]形看來將持續 | 的。··這種[情]形，幸運的連 | ·看樣子這種[情]形將持··續
3A5	提	14	old=提	點的金額都將[提]··昇為2倍 | 麗的主播在此[提]醒··您，行 | 賺錢點的金額[提]昇了2倍。·
3A6	醒	7	old=醒	的主播在此提[醒]··您，行進 | 清純的主播提[醒]您，··要賺 | ··在這裡提[醒]您，注意··
3A7	千	4	old=千	·您，行進時[千]萬要小··心 | ·您，行進時[千]萬要小··心 | 哈哈哈～··[千]萬不要太感謝
3A8	次	20	old=次	，我們··下[次]見。··再會 | ，我··們下[次]見。··再會 | 時間到了，下[次]··再見！·
3A9	見	16	old=見	我們··下次[見]。··再會～ | 我··們下次[見]。··再會～ | 發生了前所未[見]的大恐慌了…
3AA	解	2	old=解	貨膨脹的效果[解]除了。··罰 | 俺的封印終於[解]除啦！··哈
3AB	及	7	old=及	。··罰錢點[及]賺錢點的金額 | ·消防隊員雖[及]時趕到··， | ·消防隊員雖[及]時趕到··，
3AC	率	1	old=率	額回復原來倍[率]。··
3AD	清	5	old=清	聞。··我是[清]純俏麗的女主 | ·點了！··[清]純的主播提醒 | ·的公司太冷[清]咧！··不行
3AE	俏	1	old=秀	··我是清純[俏]麗的女主··
3AF	眾	1	old=間	·近日來，民[眾]財運出··奇
3B0	奇	6	old=奇	眾財運出··[奇]的好。··似 | ·的口袋莫名[奇]妙的裝滿了錢 | 了·難一得的[奇]景！··
3B1	似	2	old=似	奇的好。··[似]乎可撿到滿地 | ··倦，現在[似]乎正在休··
3B2	乎	3	old=乎	的好。··似[乎]可撿到滿地的 | ·倦，現在似[乎]正在休··息 | 關係，·不在[乎]！··
3B3	撿	2	old=撿	。··似乎可[撿]到滿地的錢· | 使用卡片後，[撿]到了··　　
3B4	連	8	old=連	情形，幸運的[連]··罰錢點都 | 消息。··就[連]本台的採訪記 | 的一半。··[連]終點的獎金也
3B5	靠	1	old=靠	，··要賺錢[靠]現在喲～··
3B6	噁	2	old=開	郎：·突有種[噁]心的感覺…· | 有錢就不用說[噁]心話了。··
3B7	未	4	old=未	·發生了前所[未]見的大恐慌了 | 民陷入了前所[未]有的恐慌！· | 您現在[未]持有股票喲～
3B8	穩	1	old=穩	聞。··我是[穩]重的拳四郎。
3B9	陸	6	old=陸	·近日，各地[陸]續的暴··發 | ！·酷斯拉登[陸]了！··在稍 | 酷斯拉於·登[陸]了！··
3BA	惶	2	old=惶	件。··人心[惶]惶，百業蕭條 | 。··人心惶[惶]，百業蕭條·
3BB	百	4	old=百	·人心惶惶，[百]業蕭條··… | 當的不景氣，[百]業蕭條··… | 仙人的哥哥～[百]億仙人。··
3BC	蕭	3	old=蕭	心惶惶，百業[蕭]條··…·· | 。··在這種[蕭]條的情形下· | 不景氣，百業[蕭]條··…··
3BD	條	3	old=條	惶惶，百業蕭[條]··…··· | ··在這種蕭[條]的情形下·· | 景氣，百業蕭[條]··…··
3BE	注	3	old=注	這裡提醒您，[注]意··錢財的 | 莉雅提醒您，[注]意意外之財的 | ·一時間沒有[注]意到小姐的情
3BF	意	19	old=意	裡提醒您，注[意]··錢財的損 | 表示祝賀的誠[意]：·· | ··真是不好[意]思。··
3C0	追	3	old=追	最新··後續[追]蹤報導。·· | 做最··新的[追]蹤報導，再會 | 做最··新的[追]蹤報導，再會
3C1	蹤	3	old=踪	新··後續追[蹤]報導。··再 | 最··新的追[蹤]報導，再會· | 最··新的追[蹤]報導，再會·
3C2	導	14	old=導	·後續追蹤報[導]。··再會～ | ·新的追蹤報[導]，再會··。 | 新聞所做的報[導]。··我們再
3C3	稍	2	old=稍	赦卡？··請[稍]侯，為您轉接 | 陸了！··在[稍]早時，酷斯拉
3C4	侯	1	old=候	卡？··請稍[侯]，為您轉接VF
3C5	律	2	old=律	為您轉接VF法[律]中心…··… | ，這裡是VF法[律]中心…···
3C6	查	6	old=查	··依本中心[查]結果，給予申 | ··VF寶藏調[查]小組出動了！ | 的寶··藏調[查]小組在···
3C7	予	4	old=予	心查結果，給[予]申請通過！· | 的人，我就賜[予]他財運～·· | 請賜[予]這個人財運吧
3C8	申	1	old=申	查結果，給予[申]請通過！··
3C9	過	24	old=過	，給予申請通[過]！··恭喜您 | 所有人都[過]來賭博了！· | 經[過]公平的勝負後
3CA	恭	11	old=恭	請通過！··[恭]喜您，·。· | ··我們在此[恭]喜···，也 | [恭]喜～恭喜！·
3CB	喜	13	old=喜	通過！··恭[喜]您，·。·· | ·我們在此恭[喜]···，也感 | 恭[喜]～恭喜！··
3CC	教	2	old=教	～··請多指[教]了！·· | ～··請多指[教]了！··
3CD	辛	3	old=卒	多錢是··件[辛]苦的事。·· | 位參賽者真是[辛]苦··了！· | 賽者近日來的[辛]勞。··在此
3CE	替	2	old=替	。··由我來[替]你分擔吧！· | 。··讓俺來[替]處理那些土地
3CF	捨	2	old=捨	間到了，真是[捨]不··得離開 | 了，真是··[捨]不得～··
3D0	懼	3	old=懼	·哈哈哈～恐[懼]吧！·· | ·哈哈哈～恐[懼]吧！··你看 | 不要老是露出[懼]怕的表情！·
3D1	弱	1	old=弱	你看起來太虛[弱]了，··一定
3D2	係	3	old=係	是錢太重的關[係]··！··丟 | …但是沒有關[係]！·· | 沒關[係]，·不在乎！
3D3	契	2	old=契	惡魔：·[契]約時間到了， | 撒旦：·[契]約到了嗎，這
3D4	約	3	old=約	惡魔：·契[約]時間到了，下 | 撒旦：·契[約]到了嗎，這次 | 和傑克同志相[約]鐵打尼··
3D5	知	5	old=知	·是你這個不[知]死活的··小 | 有說，·你就[知]道我是小偷了 | 的呀…·那我[知]道了！···
3D6	面	9	old=面	吧，在我撒旦[面]··前，是不 | 啊！··前[面]的警察好像… | ··地建設方[面]，超過二··
3D7	饒	2	old=饒	，這次就··[饒]你一命！·· | 伙…··還是[饒]了他吧！··
3D8	命	5	old=命	就··饒你一[命]！·· | ··宰的我，[命]令你們～·· | 了！·快點逃[命]呀！··
3D9	代	3	old=代	～··我就是[代]表著幸運的· | 我就是正義的[代]表～VF‧鐵‧ | 是風華絕··[代]的我的最後一
3DA	表	5	old=表	··我就是代[表]著幸運的·· | 了！··為了[表]示祝賀的誠意 | 而VF中心為了[表]揚此··項行
3DB	臨	3	old=臨	運啊～··降[臨]在主人的身上 | ·幸運啊～降[臨]吧！·· | 的。··在面[臨]經濟的壓力下
3DC	從	4	old=從	[從]天空掉下了滿 | ·是的。··[從]現在起一年內 | 哦～[從]來沒有看過·
3DD	豁	2	old=赦	罰錢幸運的被[豁]免了。·· | 的罰錢得到了[豁]免。···得
3DE	候	4	old=候	·但離別的時[候]到了，··再 | 是我離開的時[候]了··！·· | 在您有難的時[候]，做小弟··
3DF	充	1	old=充	事？··全身[充]滿了力量…·
400	聽	4	old=該	：··啊，我[聽]到你··的呼 | ·主人哪～您[聽]到了金··幣 | ？··哦～我[聽]見了大家貧窮
401	守	2	old=庇	了。··讓我[守]護你吧！·· | 令你們～··[守]護著·吧！·
402	助	8	old=示	就讓我財神來[助]您一··臂之 | 萬的贊[助]··金！·· | ·我最喜歡幫[助]不幸的人了！
403	臂	2	old=局	來助您一··[臂]之力吧！·· | ·讓吾助妳一[臂]之力！··
404	噹	6	old=需	財神：·[噹]噹～··噹噹 | 財神：·噹[噹]～··噹噹～ | ·噹噹～··[噹]噹～··主人
405	幣	1	old=錢	聽到了金··[幣]的聲音了嗎？
406	聲	3	old=聲	了金··幣的[聲]音了嗎？·· | 叮叮噹～·鈴[聲]多響亮～·· | 這個[聲]音…是龍二嗎
407	音	2	old=音	金··幣的聲[音]了嗎？··· | 這個聲[音]…是龍二嗎？
408	口	1	old=數	·的[口]袋莫名奇妙的
409	莫	2	old=獨	·的口袋[莫]名奇妙的裝滿 | 了！··世界[莫]名奇妙的恢復
40A	妙	3	old=贏	的口袋莫名奇[妙]的裝滿了錢。 | ·世界莫名奇[妙]的恢復和平了 | 哎喲～·不[妙]咧！··喂～
40B	裝	2	old=先	袋莫名奇妙的[裝]滿了錢。·· | 我[裝]的不夠可憐嗎
40C	加	13	old=加	的投資幸運的[加]倍了！·· | 到我了～··[加]油啦～··· | ·功呢？··[加]油了！··
40D	宰	1	old=宰	，萬物主··[宰]的我，命令你
40E	令	5	old=令	·宰的我，命[令]你們～··守 | 點！··真是[令]怪盜老大我生 | 產業了？·真[令]人不甘心～·
40F	堆	1	old=浮	·的眼前[堆]起了一座金山
410	該	5	old=貧	天神：·[該]是我離開的時 | 呵呵呵，我也[該]走了！·· | ～小姐，管家[該]死！··一時
411	慶	1	old=慶	人都趕來為·[慶]生了！··為
412	示	1	old=達	！··為了表[示]祝賀的誠意：
413	局	1	old=局	公平公正的賭[局]！··每個人
414	需	10	old=需	！··每個人[需]出賭金·　· | ·啊～[需]要·　· | 了！···必[需]變賣事業了！
415	戲	8	old=戲	萬元。··遊[戲]的規則是每人 | 技又推出新遊[戲]的企劃案了， | 案了，··遊[戲]名稱：···
416	規	3	old=規	。··遊戲的[規]則是每人投擲 | 進行··了大[規]模的破壞力造 | 比··賽前的[規]則報導。··
417	擲	1	old=擲	規則是每人投[擲]三個骰子。·
418	數	2	old=數	子。··由點[數]最大的人，獨 | 投骰子決定人[數]咧～··
419	獨	2	old=獨	數最大的人，[獨]贏所有的獎金 | 獲勝。···[獨]得賭金·　　
41A	贏	2	old=贏	最大的人，獨[贏]所有的獎金。 | ·我才是最大[贏]家。··去吧
41B	先	6	old=先	·：·就由我[先]來吧！··十 | 內，只··要[先]到達·的人· | ·了！··首[先]到達·的玩家
41C	八	5	old=八	來吧！··十[八]啦～···· | 王…王[八]蛋！·· | 王[八]蛋，給我試試
41D	輪	2	old=輪	·：·[輪]到我了～·· | 點！··[輪]到你了！··
41E	勝	8	old=勝	經過公平的[勝]負後，最後由 | ，最後由·獲[勝]。···獨得 | ·給最佳旅遊[勝]地殊榮··。
41F	哦	16	old=哦	我的嗎？··[哦]～我聽見了大 | 窮神：·[哦]～滿天的星星 | ：·肚子好餓[哦]～··主人哪
420	貧	1	old=-	我聽見了大家[貧]窮的吶喊了！
421	吶	1	old=吶	了大家貧窮的[吶]喊了！··真
422	喊	1	old=喊	大家貧窮的吶[喊]了！··真是
423	憐	7	old=憐	！··真是可[憐]呀～·· | 。··真是可[憐]的傢伙…·· | ？··呿～可[憐]的窮光蛋！·
424	緣	3	old=緣	之間有相當的[緣]份。··照慣 | 我們還真是有[緣]。··這個東 | 個東西就給有[緣]人了！··
425	份	1	old=份	間有相當的緣[份]。··照慣例
426	慣	1	old=懵	緣份。··照[慣]例看得見我的
427	例	1	old=例	份。··照慣[例]看得見我的人
428	賜	3	old=賜	我的人，我就[賜]予他財運～· | 請[賜]予這個人財運 | 父親大人，請[賜]予·力量…·
429	叮	4	old=叮	聖誕卡！··[叮]叮噹～叮叮噹 | 誕卡！··叮[叮]噹～叮叮噹～ | ··叮叮噹～[叮]叮噹～·鈴聲
42A	鈴	1	old=鈴	～叮叮噹～·[鈴]聲多響亮～·
42B	響	1	old=響	噹～·鈴聲多[響]亮～··聖誕
42C	帶	10	old=帶	·聖誕老公公[帶]著禮物出現了 | 為當地的產業[帶]來了不小·· | 為當地的產業[帶]來了不··小
42D	麋	1	old=馴	呼～··我的[麋]鹿昨天感冒了
42E	昨	1	old=昨	··我的麋鹿[昨]天感冒了…·
42F	冒	1	old=冒	的麋鹿昨天感[冒]了…··只好
430	骨	1	old=骨	·呼呼～·老[骨]頭都快要散了
431	遙	1	old=遙	想到還要跑回[遙]遠的北方，腳
432	遠	2	old=遠	到還要跑回遙[遠]的北方，腳就 | ·你叫我離你[遠]一點！··真
433	腳	3	old=腳	遙遠的北方，[腳]就軟了起·· | 們，把他的手[腳]給我砍斷！· | 義‧爆虎無影[腳]！··
434	調	4	old=調	！··VF寶藏[調]查小組出動了 | 心的寶··藏[調]查小組在·· | 小組正在··[調]查中。··
435	組	6	old=組	VF寶藏調查小[組]出動了！·· | ··藏調查小[組]在···發現 | 火，VF蒐証小[組]正在··調查
436	叫	6	old=叫	到了！··呼[叫]本部～·呼叫 | 叫本部～·呼[叫]本部～··找 | 什麼？··你[叫]我離你遠一點
437	覆	2	old=覆	在·！··重[覆]～··在·埋 | 確定要[覆]蓋·的記錄嗎
438	隱	1	old=隱	··在·埋有[隱]藏的寶藏！·
439	剛	6	old=剛	的！··就在[剛]才VF中心的寶 | 息。··就在[剛]才，·地·· | 導！··就在[剛]才，路克英雄
43A	久	4	old=久	發現了埋藏已[久]的寶··藏。 | 找到了失落已[久]的寶藏了！· | 。··失落已[久]的寶藏，於·
43B	批	2	old=批	，就可得到這[批]寶藏··！· | 的·出現了大[批]的渡假人潮·
43C	色	2	old=色	年喲～··國[色]天香的尤莉雅 | 是否更改角[色]的名字？·
43D	尋	3	old=尋	，快到···[尋]找寶藏吧！· | ·日前由·所[尋]獲··了。· | 是的！···[尋]獲寶藏後，·
43E	落	5	old=落	·找到了失[落]已久的寶藏了 | 消息。··失[落]已久的寶藏， | 子孫怎會這麼[落]魄呢？··
43F	捐	2	old=捐	後，··將之[捐]給了VF博物館 | 要把錢[捐]給可憐的人喲
440	供	5	old=供	博物館··，[供]大家欣賞。· | 元··你要提[供]此遊戲企劃開 | 了！···提[供]了··
441	賞	3	old=讚	·，供大家欣[賞]。···· | 會有筆豐富的[賞]··金哦。· | 的人都還沒欣[賞]夠你的美··
442	揚	1	old=揚	VF中心為了表[揚]此··項行為
443	也	15	old=也	恭喜···，[也]感謝各位收看 | 。··一毛錢[也]沒有！·· | 的採訪記者，[也]險遭颱風吹走
444	厲	4	old=厲	窮神，看我的[厲]害！·· | 看到本姑娘的[厲]害了吧！·· | 我就試試我的[厲]害··
445	穿	2	old=穿	···窮神看[穿]了·的陷害行 | VF鐵人看[穿]了招式～靈巧
446	性	2	old=性	用卡片後，任[性]的改變了目的 | ？··這個任[性]的小子！·真
447	目	5	old=目	任性的改變了[目]的地··！· | 究竟外星人的[目]的為何呢？· | 命中[目]標！··
448	振	3	old=振	片後，士氣大[振]的前進20· | 你要[振]作呀！··全 | 了啊娜達·要[振]作··
449	往	4	old=在	使用卡片後，[往]股市中心出發 | 使用卡片後，[往]卡片中心出發 | 的建築，全都[往]下··降了一
44A	唉	4	old=唉	[唉]～真是可惜呀 | [唉]～·今年真是 | [唉]～·真是流年
44B	惜	5	old=惜	唉～真是可[惜]呀！·· | ？··真是可[惜]……·不…！ | 那真是太可[惜]了…··這麼
44C	餓	12	old=-	[餓]鬼卡· | ·被[餓]鬼趕走了。· | [餓]鬼：·肚子好
44D	滋	23	old=茲	個了！··卡[滋]～卡滋～·· | ··卡滋～卡[滋]～··· | 卡[滋]～卡滋！·嘴
44E	把	4	old=把	餓鬼餓得[把]自己吃掉了！ | ··小弟們，[把]他的手腳給我 | 冷咧～··點[把]火來取曖咧…
44F	第	5	old=第	行動卡片其他[第]年離終點步持 | 前熱烈！··[第]一版二百萬套 | 我才是世界[第]一的女王！·
450	檢	1	old=檢	[檢]視全體資產設
451	塞	2	old=塞	麼了？？··[塞]住了嗎？·· | ，這些錢不夠[塞]牙縫！··
452	住	4	old=住	了？？··塞[住]了嗎？··真 | 惡惡！給我記[住]！·· | 擋不[住]的好運。··
453	確	11	old=確	[確]定是·嗎？· | [確]定要放棄·嗎 | [確]定是·嗎？·
454	毛	1	old=毛	光蛋。··一[毛]錢也沒有！·
455	喂	6	old=喂	[喂]～·。··俺 | [喂]～喂～··· | 喂～[喂]～···董事
456	俺	42	old=我	喂～·。··[俺]發現了大‧好 | 事‧咧！··[俺]買了·咧！· | 咧！··只收[俺]2倍的錢咧！
457	‧	20	old=•	·俺發現了大[‧]好‧事‧咧！ | 發現了大‧好[‧]事‧咧！·· | 了大‧好‧事[‧]咧！··俺買
458	說	11	old=說	！··那個人[說]這張卡很好用 | ………··你[說]什麼？··這 | 你…·你[說]什麼？··你
459	棄	1	old=棄	確定要放[棄]·嗎？·
45A	少	9	old=少	呵呵呵～[少]年仔～·想看 | ··要給俺多[少]錢去辦咧？· | 怎麼變得這麼[少]咧？··真是
45B	怪	6	old=怪	！··真是令[怪]盜老大我生氣 | ·給了[怪]盜老三·　　 | 麼回事？··[怪]物被接回去了
45C	弟	4	old=弟	生氣！··小[弟]們，把他的手 | 最沒有用的小[弟]……··鳴～ | 的時候，做小[弟]··的應該儘
45D	砍	1	old=砍	他的手腳給我[砍]斷！··
45E	斷	4	old=斷	的手腳給我砍[斷]！·· | 這樣會破壞壟[斷]！·· | 產業的壟[斷]被破壞了！·
45F	罪	4	old=罪	給我當成是賠[罪]的禮物！·· | 幸運的逃過死[罪]！··不過還 | 決定了你的死[罪]，··但還會
460	警	3	old=警	··你已經報[警]了！··哼！ | ！··前面的[警]察好像…·· | 哼～[警]告你們不要惹
461	狠	1	old=狠	··哼！算你[狠]！·下次不要
462	碰	3	old=碰	下次不要讓我[碰]到！·· | 下次不要讓我[碰]到！·· | 下次[碰]到，俺就讓你
463	作	6	old=作	防盜卡發揮了[作]用！·· | ·但保險卡的[作]用，只損失了 | ·但節源卡的[作]用，只損失了
464	撞	1	old=撞	家被你這麼一[撞]，好痛唷～·
465	痛	10	old=痛	這麼一撞，好[痛]唷～··人家 | 人家這裡～好[痛]唷～··呵呵 | ·人家突然不[痛]了，謝謝了！
466	隻	1	old=隻	·人家就是三[隻]手小姐啦～·
467	姐	5	old=姐	就是三隻手小[姐]啦～··你看 | ·我是卡片小[姐]～·露露。· | ·我是股市小[姐]～·娜娜。·
468	癢	6	old=爆	呵呵呵～·好[癢]喲～··不要 | 鼻子…鼻子好[癢]！··哇～哈 | 卡滋！·嘴巴[癢]～卡滋！··
469	亂	1	old=亂	喲～··不要[亂]摸嘛～·呵呵
46A	摸	1	old=摸	～··不要亂[摸]嘛～·呵呵呵
46B	啾	2	old=-	謝謝了！··[啾]～！·· | ·哈…哈～哈[啾]！··
46C	察	1	old=察	··前面的警[察]好像…··人
46D	像	6	old=像	前面的警察好[像]…··人…· | ·真是無法想[像]…·· | 哈～··俺好[像]做了大善事！
46E	輕	3	old=輕	呵呵呵～·年[輕]人～··…… | ·但還會讓你[輕]鬆的走的。· | 子少了負擔，[輕]鬆多了吧！·
46F	道	8	old=道	說，·你就知[道]我是小偷了· | 呀…·那我知[道]了！···的 | 呀…·那我知[道]了！···的
470	哥	6	old=哥	·鳴～··大[哥]老說我是最沒 | 是十億仙人的[哥]哥～百億仙人 | 十億仙人的哥[哥]～百億仙人。
471	哭	1	old=哭	鳴～··我都[哭]得這麼傷心了
472	傷	5	old=傷	我都哭得這麼[傷]心了，你還是 | 怎麼看來如此[傷]心的樣子？· | [傷]心的我，還是
473	衷	1	old=衷	你還是無動於[衷]嗎··？··
474	鐘	1	old=鐘	。··在十分[鐘]前，於·地方
475	獸	1	old=獸	業損失，特別[獸]重。··我們
476	統	2	old=統	··我們在此[統]計了產業·· | ··外星人要[統]治地球了嗎？
477	計	5	old=計	·我們在此統[計]了產業··的 | 投資，··共[計]損失了：·　 | 投資，··共[計]損失了：·　
478	／	2	old=-	，只損失了1[／]2。··災後 | ，只損失了1[／]2。···的
479	樓	6	old=樓	，超過二··[樓]的建築，全都 | 於·地··的[樓]房下降了一層 | ·的[樓]房被燒掉一層
47A	救	5	old=救	·消防車趕來[救]火了！·· | 情！··能拯[救]這個危機的， | 雄～·快來拯[救]地球吧！··
47B	午	1	old=午	尤莉雅：·[午]安，歡迎收看
47C	究	3	old=究	層了！···[究]竟是不是人為 | 　·萬。··[究]竟是不是人為 | ·是的！··[究]竟外星人的目
47D	竟	8	old=竟	了！···究[竟]是不是人為的 | ·萬。··究[竟]是不是人為的 | 是的！··究[竟]外星人的目的
47E	縱	2	old=縱	是不是人為的[縱]火，VF蒐証小 | 是不是人為的[縱]火，VF蒐証小
47F	蒐	2	old=斃	為的縱火，VF[蒐]証小組正在· | 為的縱火，VF[蒐]証小組正在·
480	証	4	old=証	的縱火，VF蒐[証]小組正在·· | 的縱火，VF蒐[証]小組正在·· | 財經小組的認[証]後，特頒給產
481	畢	2	old=學	節新聞播報完[畢]，下回見！· | 萬套已銷售完[畢]。大成功！·
482	冷	6	old=冷	好～[冷]～哦～··· | 息。··在寒[冷]的冬天，·傳 | 好…好～[冷]～咧～·俺好
483	寒	4	old=寒	···地發生[寒]害了！·· | 消息。··在[寒]冷的冬天，· | 天，·傳出了[寒]害的消息··
484	颱	4	old=電	·發生[颱]風了！··快 | ···傳出了[颱]風的損害消息 | 記者，也險遭[颱]風吹走！··
485	採	2	old=採	·就連本台的[採]訪記者，也險 | 樂小組的··[採]訪及認証後，
486	訪	2	old=訪	就連本台的採[訪]記者，也險遭 | 小組的··採[訪]及認証後，特
487	遭	1	old=遭	訪記者，也險[遭]颱風吹走！·
488	爆	6	old=爆	·火山[爆]發了！·快點 | ·傳出了火山[爆]發的損害消息 | ··地的火山[爆]發，為當地的
489	逃	3	old=逃	發了！·快點[逃]命呀！·· | ·真是幸運的[逃]過死罪！·· | 咭咭～錢難[逃]我的掌心。·
48A	並	1	old=並	飛行物！··[並]且產下了一枚
48B	且	2	old=且	行物！··並[且]產下了一枚巨 | 完成！··而[且]銷售的狀況空
48C	枚	1	old=枚	並且產下了一[枚]巨大的蛋形物
48D	巨	3	old=巨	且產下了一枚[巨]大的蛋形物！ | ·孵化成一個[巨]大的不明生物 | 者，將可獲得[巨]額獎金。··
48F	何	3	old=更	星人的目的為[何]呢？··這是 | 目前無任[何]進度。·· | 願望。··任[何]的願望，都將
490	陰	3	old=角	這是外星人的[陰]謀嗎？··外 | 外星人的什麼[陰]謀呢？··真 | 碎了外星人的[陰]謀！··
491	謀	3	old=識	是外星人的陰[謀]嗎？··外星 | 星人的什麼陰[謀]呢？··真是 | 了外星人的陰[謀]！··
492	治	1	old=治	·外星人要統[治]地球了嗎？·
493	拯	4	old=拯	事情！··能[拯]救這個危機的 | 英雄～·快來[拯]救地球吧！· | ～··你再次[拯]救了地球！·
494	段	3	old=段	的蛋產下已一[段]時日了！·· | ··在每個階[段]都設有一個終 | 來·必須花一[段]時間療傷了！
495	居	2	old=居	時日了！··[居]民陷入了前所 | [居]然有這種事！
496	入	3	old=入	！··居民陷[入]了前所未有的 | 時，此地的收[入]可達2··倍 | ··～··陷[入]愛河的尤莉雅
497	架	1	old=架	星人在蛋上面[架]了防護罩！·
498	罩	1	old=-	上面架了防護[罩]！··路克英
499	打	4	old=打	·路克英雄被[打]敗了！·· | 將外星人的蛋[打]爆了！·· | VF超人成功的[打]跑了酷斯拉！
49A	粉	1	old=粉	··，成功的[粉]碎了外星人的
49B	碎	2	old=碎	·，成功的粉[碎]了外星人的陰 | 鏡子～我的心[碎]了…··
49C	孵	6	old=孵	外星人的蛋[孵]化了！··孵 | 孵化了！··[孵]化成一個巨大 | 拳四郎：·[孵]…孵…孵化了
49D	滅	2	old=滅	··地球就要[滅]亡了嗎？·· | ·鳴～地球要[滅]亡了～··鳴
49E	亡	2	old=亡	·地球就要滅[亡]了嗎？·· | 鳴～地球要滅[亡]了～··鳴～
49F	雍	1	old=容	莉雅：·這…[雍]容華貴的女主
4A0	容	1	old=貴	雅：·這…雍[容]華貴的女主·
4A1	貴	1	old=模	·這…雍容華[貴]的女主··播
4A2	模	1	old=繁	行··了大規[模]的破壞力造·
4A3	緊	3	old=急	各位插播一則[緊]急消息。·· | 各位插播一則[緊]急消息。·· | 覺到這種··[緊]張的氣氛了。
4A4	急	2	old=登	位插播一則緊[急]消息。··酷 | 位插播一則緊[急]消息。··酷
4A5	登	3	old=又	拉！·酷斯拉[登]陸了！··在 | ，酷斯拉於·[登]陸了！·· | 拉！·酷斯拉[登]陸了！··
4A6	又	13	old=又	壞力的酷斯拉[又]出現了！·· | 壞力的酷斯拉[又]出現了！·· | 拉！··世界[又]回復和平了。
4A7	脅	1	old=阻	·什麼樣的威[脅]呢？··看來
4A8	阻	3	old=疲	有VF超人才能[阻]止了。··VF | 有VF超人才能[阻]止了。··VF | 伙！··敢來[阻]撓俺！··VF
4A9	疲	1	old=倦	拉看來相當的[疲]··倦，現在
4AA	倦	1	old=閃	相當的疲··[倦]，現在似乎正
4AB	閃	3	old=-	酷斯拉[閃]過了攻擊！· | 不當一回事的[閃]過了！·· | 招式～靈巧的[閃]過了！··
4AC	攻	1	old=世	酷斯拉閃過了[攻]擊！··VF超
4AD	世	9	old=潰	酷斯拉！··[世]界又回復和平 | 一次的拯救了[世]界··的和平 | 海裡了！··[世]界莫名奇妙的
4AE	潰	1	old=吐	VF超人成功擊[潰]了可··怕的
4AF	吐	3	old=情	酷斯拉[吐]出了憤怒的火 | 酷斯拉[吐]出了憤怒的火 | ·酷斯拉向·[吐]出了憤怒的火
4B0	憤	3	old=怒	酷斯拉吐出了[憤]怒的火焰！· | 酷斯拉吐出了[憤]怒的火焰！· | 拉向·吐出了[憤]怒的火焰了！
4B1	怒	3	old=焰	斯拉吐出了憤[怒]的火焰！·· | 斯拉吐出了憤[怒]的火焰！·· | 向·吐出了憤[怒]的火焰了！·
4B2	焰	3	old=朝	出了憤怒的火[焰]！···完全 | 出了憤怒的火[焰]！·· | 出了憤怒的火[焰]了！··
4B3	朝	4	old=向	酷斯拉[朝]·前進了！· | ：·酷斯拉又[朝]著其他地·· | ···酷斯拉[朝]著·前進了！
4B4	向	1	old=殘	！··酷斯拉[向]·吐出了憤怒
4B5	殘	3	old=閃	·被酷斯拉催[殘]後··，宛如 | …這真是個[殘]忍的世界…· | ·必殺‧千手[殘]影拳！··
4B6	宛	1	old=城	催殘後··，[宛]如一座死城。
4B7	城	1	old=恢	，宛如一座死[城]。···所有
4B8	恢	1	old=今	界莫名奇妙的[恢]復和平了。·
4B9	今	4	old=今	唉～·[今]年真是不景氣 | ··為各位做[今]年度的財經分 | ·是的。··[今]年的經濟發展
4BA	度	10	old=度	又到了新的年[度]了。··為各 | 為各位做今年[度]的財經分析。 | 年[度]最佳企業獎出
4BB	析	1	old=析	年度的財經分[析]。··
4BC	展	1	old=展	今年的經濟發[展]相當的不景氣
4BD	壓	1	old=壓	在面臨經濟的[壓]力下，物價紛
4BE	半	7	old=半	變為原來的一[半]。··連終點 | 減為原來的一[半]了…··但各 | ，損失降為一[半]。··總持金
4BF	縮	1	old=億	終點的獎金也[縮]減為原來的一
4C0	減	2	old=努	點的獎金也縮[減]為原來的一半 | 厄運是不[減]我的美形的！
4C1	卻	3	old=豐	各地的罰錢點[卻]變為原本的2 | 但是銷售狀況[卻]不是很理想… | 但是銷售狀況[卻]不是很理想…
4C2	億	6	old=萬	我是十[億]仙人，當現金 | 現金超過10[億]元時，··我 | 我是十[億]仙人的哥哥～
4C3	努	5	old=潤	出現。···[努]力的人呀，這 | 會出現。··[努]力的人呀，這 | 有好好··的[努]力呢？··讓
4C4	豐	4	old=豐	水田大[豐]收了！··· | 於·的水田大[豐]收了！··一 | ·的水田[豐]收了！···
4C5	利	6	old=爐	水田所帶來的[利]潤。··真是 | ··所帶來的[利]潤。·· | ·真是流年不[利]！··
4C6	潤	3	old=董	田所帶來的利[潤]。··真是恭 | ·所帶來的利[潤]。·· | 得回··收利[潤]。··而當踏
4C7	佳	2	old=佳	年度最[佳]企業獎出爐了 | 特頒··給最[佳]旅遊勝地殊榮
4C8	爐	1	old=糾	最佳企業獎出[爐]了！··得獎
4C9	董	5	old=親	～喂～···[董]事長嗎？·我 | ·[董]事長！··廣 | ·[董]事長！···
4CA	書	1	old=評	嗎？·我是祕[書]長。··是這
4CB	糾	3	old=糾	公司發生危機[糾]··紛了！· | 公司發生財務[糾]紛。···損 | 公司發生財務[糾]紛。···損
4CC	親	7	old=殊	··您一定要[親]自過來處理才 | ·……要跟父[親]大人說啦！· | 父…父[親]大人！··
4CD	評	6	old=評	·的·大獲好[評]！··經過VF | 。··現在各[評]審正在做最· | ·趁著VF大會[評]審還在··討
4CE	頒	2	old=頒	的認証後，特[頒]給產··業進 | 及認証後，特[頒]··給最佳旅
4CF	殊	2	old=殊	·業進步獎的[殊]榮。···· | 最佳旅遊勝地[殊]榮··。··
4D0	假	2	old=假	現了大批的渡[假]人潮··，經 | ··送你去渡[假]後，再處死也
4D1	潮	1	old=潮	大批的渡假人[潮]··，經過VF
4D2	娛	1	old=譽	··，經過VF[娛]樂小組的··
4D3	譽	1	old=科	事長！··廣[譽]科技又推出新
4D4	科	1	old=技	長！··廣譽[科]技又推出新遊
4D5	技	2	old=推	！··廣譽科[技]又推出新遊戲 | 看我的祖傳祕[技]！··奧義‧
4D6	推	1	old=劃	·廣譽科技又[推]出新遊戲的企
4D7	劃	2	old=案	出新遊戲的企[劃]案了，··遊 | 提供此遊戲企[劃]開發案的資本
4D8	案	2	old=稱	新遊戲的企劃[案]了，··遊戲 | 遊戲企劃開發[案]的資本嗎？·
4D9	稱	1	old=贊	，··遊戲名[稱]：···開發
4DA	贊	1	old=銷	萬的[贊]助··金！·
4DB	銷	4	old=售	成！··但是[銷]售狀況卻不是 | 成！··但是[銷]售狀況卻不是 | 成！··而且[銷]售的狀況空前
4DC	售	4	old=況	！··但是銷[售]狀況卻不是很 | ！··但是銷[售]狀況卻不是很 | ！··而且銷[售]的狀況空前熱
4DD	況	4	old=流	·但是銷售狀[況]卻不是很理想 | ·但是銷售狀[況]卻不是很理想 | 而且銷售的狀[況]空前熱烈！·
4DE	流	1	old=烈	唉～·真是[流]年不利！··
4DF	烈	1	old=-	的狀況空前熱[烈]！··第一版
500	版	1	old=巴	烈！··第一[版]二百萬套已銷
501	套	1	old=貪	第一版二百萬[套]已銷售完畢。
502	掌	2	old=柔	我是[掌]管幸福的仙子 | ～錢難逃我的[掌]心。··
503	管	4	old=糖	我是掌[管]幸福的仙子！ | 哎呀～小姐，[管]家該死！·· | …··事情讓[管]家來處理吧！
504	幫	8	old=呃	··我最喜歡[幫]助不幸的人了 | 法咧～·我來[幫]幫你吧！·· | 咧～·我來幫[幫]你吧！··我
505	A	1	old=螂	在，就請按下[A]鍵決定終點吧
506	鍵	1	old=考	，就請按下A[鍵]決定終點吧！
507	首	1	old=錄	是·了！··[首]先到達·的玩
508	筆	1	old=付	的玩家，會有[筆]豐富的賞··
509	鼻	2	old=鼻	哇啦～·[鼻]子…鼻子好癢 | 啦～·鼻子…[鼻]子好癢！··
50A	倒	7	old=壞	···的·快[倒]了！··這樣 | ·是個[倒]楣的天使嗎？ | ，怎麼會這麼[倒]楣呢？··讓
50B	曖	1	old=答	·點把火來取[曖]咧…………！
50C	姆	13	old=『	哇～哇～[姆]姆～·姆姆～ | 哇～哇～姆[姆]～·姆姆～· | 哇～姆姆～·[姆]姆～··窮神
50D	嬰	2	old=』	··窮神變成[嬰]兒了！·· | 事咧？··小[嬰]兒變回窮神了
50E	嘴	3	old=煮	滋～卡滋！·[嘴]巴癢～卡滋！ | 滋～卡滋～·[嘴]巴癢得受不了 | 滋～卡滋～·[嘴]巴癢得受不了
50F	巴	3	old=期	～卡滋！·嘴[巴]癢～卡滋！· | ～卡滋～·嘴[巴]癢得受不了！ | ～卡滋～·嘴[巴]癢得受不了！
510	貪	4	old=搞	··窮神變成[貪]吃鬼了！·· | 真好吃！··[貪]吃鬼吃掉·了 | 回事咧？··[貪]吃鬼變回窮神
511	柔	1	old=柔	！·俺會很溫[柔]的！··窮神
512	糖	3	old=舒	·姆姆～姆～[糖]糖～··姆姆 | 姆姆～姆～糖[糖]～··姆姆～ | 萬元買[糖]··果。··
513	呃	5	old=病	～··嗯～嗯[呃]嗯～卡滋卡滋 | ～··嗯～嗯[呃]嗯～卡滋卡滋 | [呃]…··這張卡
514	辦	7	old=辦	··俺來想想[辦]法！··…就 | 給俺多少錢去[辦]咧？·· | 小子！·真沒[辦]法咧！··介
515	考	2	old=深	··…就來招[考]員工好咧！· | 在做最··後[考]核的討論。·
516	錄	2	old=炸	好咧，就決定[錄]取· | 要覆蓋·的記[錄]嗎？·
517	付	4	old=根	·[付]了薪水·　　 | ·[付]了薪水·　　 | 此地的人必需[付]出2倍的過路
518	薪	2	old=殺	·付了[薪]水·　　· | ·付了[薪]水·　　·
519	忘	1	old=還	喂～··你[忘]了上次答應俺
51A	答	2	old=答	·你忘了上次[答]應俺的事了嗎 | 啊娜[答]，你等等我！
51B	『	1	old=「	嗎？··就是[『]開‧舞‧會』
51C	』	1	old=」	『開‧舞‧會[』]！··要超級
51D	豪	1	old=享	·要超級無敵[豪]華的咧！··
51E	期	4	old=騎	的咧！··好[期]待好期待咧～ | ··好期待好[期]待咧～··要 | 惜…··露露[期]待您再次利用
51F	搞	2	old=註	·～··怎麼[搞]的，錢怎麼變 | ·～怎麼會[搞]成這樣呢～·
520	辨	1	old=網	··真是沒有[辨]法咧～·我來
521	舒	2	old=遲	的身體老是不[舒]服！··一定 | 的身體老是不[舒]服…··一定
522	病	2	old=病	··一定是生[病]了！··吸吸 | ··一定又生[病]了！··吸吸
523	吸	14	old=敢	生病了！··[吸]吸～深呼吸～ | 病了！··吸[吸]～深呼吸～吸 | ·吸吸～深呼[吸]～吸～吸～吸
524	深	2	old=介	！··吸吸～[深]呼吸～吸～吸 | ！··吸吸～[深]呼吸～吸～吸
525	炸	1	old=紹	窮神爆[炸]了！···被
526	根	2	old=朋	雖然俺只要一[根]手指頭就可以 | ··這些產業[根]本就是累贅，
527	殺	2	old=友	手指頭就可以[殺]死你了！·· | 厲害！··必[殺]‧千手殘影拳
528	徵	1	old=識	要給點小小的[徵]罰才行！··
529	爽	1	old=踏	！··這樣清[爽]多了！··
52A	鬆	2	old=欄	但還會讓你輕[鬆]的走的。·· | 少了負擔，輕[鬆]多了吧！··
52B	贅	1	old=顯	業根本就是累[贅]，丟掉吧！·
52C	享	1	old=緩	·只有俺一個[享]受的話，實在
52D	騎	1	old=盯	！··我的座[騎]啊，聽俺的召
52E	註	2	old=抗	的死罪是早就[註]定的。··俺 | ～美形的我，[註]定被嫉妒嗎·
52F	網	1	old=拋	的。··俺就[網]開一面好了！
530	運	1	old=撓	，再處死也不[運]！··哇哈哈
531	趣	1	old=納	了？·真是無[趣]呀！··
532	敢	6	old=抗	麼？··你竟[敢]無視俺少有的 | ·傢伙！··[敢]來阻撓俺！· | 竟[敢]這樣對俺！·
533	介	1	old=牠	辦法咧！··[介]紹俺的好朋友
534	紹	1	old=撓	法咧！··介[紹]俺的好朋友給
535	朋	1	old=納	·介紹俺的好[朋]友給你認識！
536	友	1	old=友	介紹俺的好朋[友]給你認識！·
537	識	1	old=識	好朋友給你認[識]！··要好好
538	踏	8	old=試	·[踏]到了卡片點！ | ·[踏]到了賺錢點！ | ·[踏]到了罰錢點！
539	欄	2	old=B	您的卡片[欄]滿了！·要丟 | 您的卡片[欄]滿了！·要丟
53A	顯	3	old=顯	福神[顯]靈，取消罰緩 | 財神[顯]靈，樓層加倍 | 財神[顯]靈，增資加倍
53B	緩	1	old=b	顯靈，取消罰[緩]！··
53C	盯	2	old=盯	怕的超窮魔神[盯]上你了！·· | 人已經被別人[盯]··上了。·
53D	抗	1	old=銷	VF鐵人卡來對[抗]牠嗎？·
53E	牠	1	old=欠	鐵人卡來對抗[牠]嗎？·
53F	撓	1	old=伊	！··敢來阻[撓]俺！··VF鐵
540	納	1	old=L	VF鐵人Z：·[納]命來吧！··
541	式	1	old=式	鐵人看穿了招[式]～靈巧的閃過
542	巧	4	old=巧	穿了招式～靈[巧]的閃過了！· | 呵呵～可以買[巧]克力了！·· | 要買一屋子的[巧]克力！··
543	標	1	old=標	命中目[標]！··
544	維	1	old=維	VF鐵人Z：·[維]護地球和平，
545	責	1	old=青	是鐵··人的[責]任！···喝
546	程	1	old=程	·就只有這種[程]度而已嗎？·
547	咦	2	old=咦	窮神：·[咦]？··怎麼又 | [咦]～·不要再買
548	必	4	old=必	足了！···[必]需變賣事業了 | 踏到此地的人[必]需付出2倍的 | 的厲害！··[必]殺‧千手殘影
549	壟	3	old=衝	這樣會破壞[壟]斷！·· | 產業的[壟]斷被破壞了！ | ·的產業被[壟]斷了！···
54A	h	5	old=h	娜娜。··O[h]～需要娜娜的 | O[h]～真是抱歉… | O[h]～不需要娜娜
54B	蓋	5	old=蓋	你的房子已經[蓋]到最高層了。 | 要加[蓋]房子嗎？· | ·加[蓋]了房子！··
54C	塊	2	old=塊	要買下這[塊]土地嗎？· | 片怎麼少了一[塊]～不行哪～失
54D	凡	1	old=凡	了連鎖！··[凡]踏到此地的人
54E	擁	1	old=擁	產業已為·所[擁]有了。··
54F	央	1	old=央	。··而在震[央]5步範圍內·
550	範	2	old=範	而在震央5步[範]圍內··的土 | 呵～女王的風[範]！··
551	圍	1	old=圍	在震央5步範[圍]內··的土地
552	呿	1	old=-	沒有錢？··[呿]～可憐的窮光
553	孩	3	old=菝	人家只是個小[孩]子嘛…·· | 哼！看我小[孩]子好欺負！· | 媽··媽的小[孩]，交給媽媽來
554	楣	6	old=櫃	·是個倒[楣]的天使嗎？· | 怎麼會這麼倒[楣]呢？··讓爸 | 怎麼會這麼倒[楣]…··
555	欺	6	old=欺	～鳴～你們都[欺]負·…·· | 看我小孩子好[欺]負！·· | 不要[欺]負人家嘛～·
556	父	7	old=父	·……要跟[父]親大人說啦！ | [父]…父親大人！ | 父…[父]親大人！··
557	辜	2	old=奪	鳴～我是無[辜]的～·· | ～鳴～·是無[辜]的··
558	控	1	old=控	俺一定會[控]洞將你給埋掉
559	洞	1	old=洞	俺一定會控[洞]將你給埋掉的
55A	忍	1	old=忍	…這真是個殘[忍]的世界…··
55B	嫉	3	old=嫉	的我，註定被[嫉]妒嗎·· | [嫉]妒的眼光放在 | 不要[嫉]妒我的美形！
55C	妒	3	old=妒	我，註定被嫉[妒]嗎·· | 嫉[妒]的眼光放在我 | 不要嫉[妒]我的美形！·
55D	毒	1	old=毒	看見了醜惡的[毒]藥…呃…··
55E	藥	3	old=藥	見了醜惡的毒[藥]…呃…·· | 這些錢拿去買[藥]吃吧！·· | 拿走媽媽的醫[藥]費！··
55F	惹	2	old=惹	哇～竟敢[惹]我！·· | 警告你們不要[惹]我！··
560	扶	1	old=扶	鳴～·還要[扶]養媽媽～鳴～
561	養	1	old=媽	鳴～·還要扶[養]媽媽～鳴～·
562	媽	22	old=試	～·還要扶養[媽]媽～鳴～·· | ·還要扶養媽[媽]～鳴～·· | 這…死老[媽]？··
563	試	4	old=-	王八蛋，給我[試]試看！·· | 八蛋，給我試[試]看！·· | 再欺負我就[試]試我的厲害·
564	B	2	old=-	Oh～[B]aby～你怎 | [B]aby～這樣
565	a	3	old=-	Oh～B[a]by～你怎麼 | B[a]by～這樣子 | 哈～·H[a]ppy～··
566	b	2	old=-	Oh～Ba[b]y～你怎麼了 | Ba[b]y～這樣子實
567	y	5	old=y	Oh～Bab[y]～你怎麼了？ | Bab[y]～這樣子實在 | 哇～Luck[y]！··
568	爸	2	old=X	楣呢？··讓[爸]爸給你一些幫 | 呢？··讓爸[爸]給你一些幫助
569	X	2	old=-	真是倒他[X]的楣…·· | 啊鏘，給我他[X]的出來！··
56A	咚	3	old=儒	啊[咚]、啊鏘，你們 | 啊[咚]、啊鏘，大哥 | 啊[咚]、啊鏘，給我
56B	鏘	3	old=-	啊咚、啊[鏘]，你們…·· | 啊咚、啊[鏘]，大哥感謝你 | 啊咚、啊[鏘]，給我他X的
56C	儘	2	old=欠	弟··的應該[儘]全力幫助呀！ | 喝～[儘]量放馬過來兒
56D	欠	1	old=-	～··我實在[欠]妳太多了～·
56E	妳	8	old=補	··我實在欠[妳]太多了～·· | ··讓我彌補[妳]吧～·· | …··讓吾助[妳]一臂之力！·
56F	補	1	old=勇	～··讓我彌[補]妳吧～··
570	勇	1	old=吾	有再活下去的[勇]氣了！··
571	吾	5	old=乃	[吾]黃家的子孫怎 | [吾]乃佛山黃飛鴻 | [吾]之子孫怎會如
572	乃	1	old=鴻	吾[乃]佛山黃飛鴻！
573	鴻	1	old=祖	吾乃佛山黃飛[鴻]！··
574	祖	3	old=祖	老…老[祖]宗？·· | 老[祖]宗，謝謝您。 | 魔鬼，看我的[祖]傳祕技！··
575	宗	2	old=宗	老…老祖[宗]？·· | 老祖[宗]，謝謝您。·
576	堪	1	old=雙	孫怎會如此不[堪]？··實丟吾
577	雙	2	old=腿	媽媽，妳[雙]腿不方便，怎 | 錢不夠醫媽媽[雙]腿！··
578	腿	2	old=囧	媽媽，妳雙[腿]不方便，怎麼 | 不夠醫媽媽雙[腿]！··
579	困	1	old=拿	只要是·有[困]難，媽媽就一
57A	拿	4	old=諒	這些錢[拿]去買藥吃吧！ | 哼！[拿]去買棺材吧！ | 不要[拿]走媽媽的醫藥
57B	諒	2	old=擋	原[諒]我嘛，人家知 | 上帝～請您原[諒]我的美～··
57C	擋	2	old=翁	[擋]不住的好運。 | 運兒到來真是[擋]不住！··
57D	翁	6	old=掰	·變成大富[翁]了！·· | 這個瘋狂大富[翁]真好玩。·· | 辦的瘋狂大富[翁]競··賽。·
57E	掰	2	old=零	[掰]掰了，錢錢～ | 掰[掰]了，錢錢～·
57F	零	3	old=青	哼，比我的[零]用錢少…·· | 凋[零]的落葉像·的 | 又是[零]用錢～煩死了
580	青	1	old=春	[青]春美貌高尚的
581	春	2	old=貌	青[春]美貌高尚的我 | ··祝大家新[春]愉快。···
582	貌	1	old=尚	青春美[貌]高尚的我真幸
583	尚	1	old=罷	青春美貌高[尚]的我真幸運·
584	罷	1	old=稀	這種錢不要也[罷]。··
585	稀	1	old=罕	本女王才不[稀]罕這種小錢·
586	罕	1	old=橫	本女王才不稀[罕]這種小錢··
587	橫	1	old=米	發[橫]財了。··
588	米	1	old=歐	沙西[米]歐伊西～··
589	歐	1	old=伊	沙西米[歐]伊西～··
58A	伊	2	old=-	沙西米歐[伊]西～·· | 啊達瑪依達[伊]～··
58B	L	2	old=-	哇～[L]ucky！· | [L]ucky！·
58C	u	4	old=-	哇～L[u]cky！·· | ·導播～請C[u]te。·· | L[u]cky！··
58D	c	2	old=-	哇～Lu[c]ky！·· | Lu[c]ky！··
58E	k	2	old=-	哇～Luc[k]y！·· | Luc[k]y！··
58F	H	1	old=-	哈～·[H]appy～·
590	p	2	old=調	哈～·Ha[p]py～·· | 哈～·Hap[p]y～··
591	凋	1	old=葉	[凋]零的落葉像·
592	葉	1	old=堅	凋零的落[葉]像·的心··
593	堅	1	old=信	鳴～·一定要[堅]強。··
594	信	2	old=偶	不敢相[信]，我竟然這麼 | 我…我不相[信]！··
595	偶	1	old=☆	·～你是我的[偶]像！··
596	☆	2	old=★	美麗[☆]美麗★我真美 | 麗★我真美麗[☆]··
597	★	1	old=尼	美麗☆美麗[★]我真美麗☆·
598	厄	1	old=N	[厄]運是不減我的
599	N	1	old=-	Oh～[N]o～··
59A	o	1	old=故	Oh～N[o]～··
59B	故	1	old=鏡	我不是[故]意這麼美的！
59C	鏡	2	old=傑	給我[鏡]子～我的心碎 | ··讓我們將[鏡]頭轉給VF··
59D	傑	2	old=志	我的[傑]克同志在那兒 | 要和[傑]克同志相約鐵
59E	志	2	old=姑	我的傑克同[志]在那兒呢？· | 要和傑克同[志]相約鐵打尼·
59F	姑	3	old=娘	看到本[姑]娘的厲害了吧 | 本[姑]娘真是倒楣！ | 本[姑]娘……破功了
5A0	娘	3	old=-	看到本姑[娘]的厲害了吧！ | 本姑[娘]真是倒楣！· | 本姑[娘]……破功了…
5A1	秋	1	old=秋	天爺真是明查[秋]毫兒。··
5A2	毫	1	old=毫	爺真是明查秋[毫]兒。··
5A3	尼	1	old=尼	同志相約鐵打[尼]··
5A4	逼	1	old=邊	喝哈！不要再[逼]我了！··
5A5	醫	2	old=-	這點錢不夠[醫]媽媽雙腿！· | 要拿走媽媽的[醫]藥費！··
5A6	咭	8	old=咭	我好幸福～～[咭]～·· | [咭]咭～錢難逃我 | 咭[咭]～錢難逃我的
5A7	牙	1	old=牙	這些錢不夠塞[牙]縫！··
5A8	縫	1	old=縫	些錢不夠塞牙[縫]！··
5A9	溜	1	old=溜	，我不會讓錢[溜]走的··
5AA	虧	1	old=虧	王八蛋，這次[虧]大了！··
5AB	惱	2	old=慾	可[惱]的魔鬼，看我 | 可[惱]的魔鬼，看我
5AC	奧	1	old=輿	傳祕技！··[奧]義‧爆虎無影
5AD	虎	1	old=虎	··奧義‧爆[虎]無影腳！··
5AE	騙	1	old=騙	咭咭～真是好[騙]。··
5AF	制	1	old=制	·被反[制]無法行動。·
5B0	訊	2	old=訊	位插播一則喜[訊]··。··· | 感謝VF大會的[訊]息小弟～··
5B1	鼓	1	old=鼓	是件令人歡欣[鼓]舞的事情。·
5B2	沉	1	old=沉	的！··就連[沉]魚落雁的女主
5B3	雁	1	old=雁	·就連沉魚落[雁]的女主··播
5B4	染	1	old=染	主··播也感[染]到這愉快的·
5B5	愉	2	old=愉	播也感染到這[愉]快的··氣氛 | ·祝大家新春[愉]快。···
5B6	氛	2	old=氛	愉快的··氣[氛]了。··這次 | ··緊張的氣[氛]了。··人家
5B7	至	1	old=至	·是的。··[至]於窮神的新主
5B8	t	2	old=-	導播～請Cu[t]e。·· | 導播，請Cu[t]e唷··～·
5B9	e	2	old=-	播～請Cut[e]。·· | 播，請Cut[e]唷··～··
5BA	榜	1	old=-	請看持金排行[榜]～··
5BB	更	1	old=更	是否[更]改角色的名字
5BC	角	1	old=角	是否更改[角]色的名字？·
5BD	字	1	old=字	更改角色的名[字]？·
5BE	瑩	1	old=瑩	您好，我是晶[瑩]剔透··的尤
5BF	剔	1	old=剔	好，我是晶瑩[剔]透··的尤莉
5C0	透	1	old=透	，我是晶瑩剔[透]··的尤莉雅
5C1	參	4	old=參	。··歡迎您[參]加VF大會所· | 了地雷！··[參]賽者行進時要 | 論。··各位[參]賽者真是辛苦
5C2	競	1	old=競	的瘋狂大富翁[競]··賽。··
5C3	賽	7	old=賽	大富翁競··[賽]。··在此由 | 為您做比··[賽]前的規則報導 | 地雷！··參[賽]者行進時要小
5C4	階	1	old=階	。··在每個[階]段都設有一個
5C5	優	5	old=優	下瘋狂大富翁[優]勝者，都將獲 | ··出最後的[優]勝者！··這 | 決定呀！··[優]勝者是·呢？
5C6	存	1	old=存	此[存]檔已有舊進度
5C7	檔	1	old=檔	此存[檔]已有舊進度，
5C8	初	1	old=初	進度，確定要[初]始化嗎？·
5C9	拷	1	old=拷	無法[拷]貝進度。··
5CA	繞	1	old=-	時要小心，請[繞]道進行…··
5CB	須	1	old=須	··看來·必[須]花一段時間療
5CC	療	1	old=療	須花一段時間[療]傷了！··
5CD	揍	1	old=揍	窮神被[揍]昏了！··
5CE	z	2	old=-	Z[z]Z～Zz～· | ZzZ～Z[z]～··
5CF	併	2	old=併	確定要[併]購嗎？· | 無法[併]購喔！··
5D0	升	1	old=升	地，·免費的[升]級了！··
5D1	絕	1	old=絕	想到這是風華[絕]··代的我的
5D2	限	1	old=限	富翁的比賽年[限]已··經到了
5D3	審	4	old=審	··現在各評[審]正在做最·· | 趁著VF大會評[審]還在··討論 | VF··中心評[審]處！··
5D4	核	1	old=核	做最··後考[核]的討論。··
5D5	噗	2	old=嘆	·人家心一直[噗]通、噗··通 | 心一直噗通、[噗]··通的跳唷
5D6	趁	1	old=趁	·是的。··[趁]著VF大會評審
5D7	訴	1	old=訴	·有件事要告[訴]妳……··尤
5D8	咖	1	old=咖	請妳··喝個[咖]啡嗎？···
5D9	啡	1	old=啡	妳··喝個咖[啡]嗎？···
5DA	判	1	old=判	最後··的評[判]了！··讓我
5DB	據	1	old=據	，本中心也依[據]各位的努力，
5DC	選	1	old=選	·這真是難以[選]擇的決定呀！
5DD	擇	1	old=擇	這真是難以選[擇]的決定呀！·
5DE	屆	1	old=-	··獲得第三[屆]VF大會所舉辦
